3398 7000
0 132 229
0 149 273
259 0 0
241 0 16
103 72 1
112 69 1
103 89 0
123 74 0
115 102 0
131 87 0
128 109 0
139 99 0
140 110 1
242 1 0
241 14 1
247 27 0
271 21 0
259 35 2
273 36 1
14 127 240
13 127 253
5 135 219
7 139 216
29 134 221
20 137 214
13 135 231
12 145 231
7 134 255
11 130 254
12 129 245
19 142 216
17 147 227
23 102 266
32 95 264
32 125 231
17 128 245
29 115 250
29 141 209
17 135 236
26 136 236
35 135 236
24 139 251
22 128 248
27 134 247
30 139 242
23 154 213
33 146 200
22 144 211
26 158 222
30 147 218
32 146 210
18 153 223
23 152 234
27 150 226
27 147 231
32 145 245
29 156 225
28 149 247
38 151 244
27 167 223
31 159 219
28 167 230
39 111 240
45 100 253
41 122 232
49 116 242
53 116 248
47 121 246
32 139 201
36 133 216
42 137 202
41 132 206
40 130 221
40 134 219
33 127 226
45 137 238
41 133 231
49 145 228
45 134 255
49 134 235
46 141 236
42 131 243
42 146 221
44 151 239
43 148 242
51 149 249
61 124 238
61 118 251
71 117 246
50 138 267
57 138 251
59 145 256
53 141 238
56 147 235
51 160 258
64 148 254
60 153 248
65 146 243
67 108 227
72 109 230
81 108 228
83 97 237
79 101 233
66 121 223
70 117 224
80 124 219
62 119 233
69 120 230
72 121 244
84 109 234
79 121 260
73 125 254
69 142 226
80 128 223
66 138 238
71 135 224
71 136 245
75 140 233
82 142 230
65 140 254
78 135 252
69 142 245
78 138 259
75 150 236
81 146 231
84 152 240
77 152 253
83 149 255
95 79 253
88 94 242
94 84 254
96 91 243
87 108 231
89 110 233
92 100 233
87 105 241
82 128 211
91 124 213
97 110 224
94 117 216
84 125 224
97 125 232
84 120 253
87 126 253
90 118 242
94 120 244
98 110 247
93 136 205
93 143 204
87 142 211
86 135 234
92 142 239
91 136 224
96 138 235
84 142 246
100 142 241
94 147 219
89 160 239
93 151 236
98 150 236
101 159 238
88 147 246
85 163 253
95 149 245
93 142 253
83 166 249
89 170 248
92 164 249
92 176 242
97 183 241
100 62 218
110 57 223
114 65 246
110 61 252
99 76 13
105 69 12
105 78 12
105 81 3
108 73 5
114 73 12
116 79 22
114 80 207
99 73 218
105 61 210
105 78 223
109 73 207
105 79 212
107 69 212
102 68 231
101 82 229
115 79 248
100 90 13
106 88 12
108 99 11
112 95 5
108 94 20
103 88 208
106 91 204
119 92 202
104 86 227
109 87 216
100 82 248
112 91 257
114 101 199
107 102 204
110 102 212
111 112 211
99 101 254
103 103 246
107 96 255
118 98 251
111 107 250
102 120 218
105 118 219
112 128 207
109 122 221
99 117 234
109 112 241
115 113 227
109 123 243
107 131 244
104 130 223
107 139 222
112 129 212
114 142 217
114 137 209
103 133 228
107 141 236
105 136 248
104 140 239
107 131 252
112 132 249
103 145 218
106 151 237
98 157 244
93 166 261
102 147 249
104 149 244
113 148 248
111 151 262
103 165 224
103 165 237
105 176 232
109 172 234
110 160 242
96 173 248
100 167 266
102 163 247
107 168 254
102 171 248
109 185 247
99 178 244
92 180 254
101 185 258
107 178 251
116 191 253
125 35 206
124 27 222
119 52 132
123 46 149
128 43 201
129 42 232
124 39 240
116 44 250
118 43 239
129 50 254
122 66 95
123 47 120
119 69 120
119 56 117
122 54 127
123 62 130
120 54 149
121 66 132
124 56 149
127 67 162
116 63 172
122 63 168
127 64 185
113 61 207
111 56 206
120 50 204
120 60 203
125 49 200
120 58 238
116 57 251
118 52 242
118 76 3
116 84 17
120 69 15
124 82 15
128 80 20
128 68 83
122 84 100
123 86 77
126 78 81
119 74 101
122 68 109
127 81 106
124 79 122
128 76 154
123 69 154
118 73 167
119 79 163
128 79 160
121 71 190
120 69 179
128 84 186
117 70 217
121 65 213
129 83 215
124 63 232
119 70 238
125 77 228
136 66 252
134 77 242
122 92 3
127 87 5
115 97 20
132 85 31
129 89 32
122 88 36
125 92 35
130 92 69
124 82 65
127 86 80
129 91 98
124 86 161
126 86 172
129 94 179
119 92 210
118 84 198
125 80 207
127 98 199
129 91 205
113 92 215
120 85 231
127 98 237
126 83 248
116 92 254
123 102 15
125 108 11
125 102 4
120 107 29
128 112 34
123 97 45
127 103 45
117 104 205
120 114 205
129 106 243
115 111 247
118 103 250
121 112 257
125 100 245
122 110 244
130 113 9
117 120 207
114 124 226
122 125 218
126 125 210
126 124 224
110 127 231
119 117 233
119 115 237
116 125 248
113 125 254
119 115 259
116 121 244
124 126 253
124 124 243
128 117 239
128 125 246
132 141 210
117 131 227
126 142 227
129 130 238
124 133 222
119 133 248
124 135 256
129 138 237
132 134 251
120 146 209
125 147 239
130 157 248
119 146 240
121 146 253
124 149 259
111 167 223
119 163 220
129 168 217
120 170 221
115 165 230
117 165 240
118 161 225
127 173 234
132 176 229
123 171 224
129 168 227
118 160 247
123 174 247
128 165 245
125 179 225
109 178 244
122 180 237
125 180 247
121 178 259
136 29 207
139 23 205
142 32 200
147 28 202
129 22 210
129 25 218
142 23 218
127 28 244
131 30 234
144 26 229
139 24 238
139 37 250
135 44 125
129 40 126
128 45 127
139 39 148
137 42 145
146 40 142
130 42 155
128 46 148
143 49 170
130 53 176
140 48 176
132 36 205
136 45 198
128 44 212
133 50 231
141 39 212
143 55 203
145 41 218
142 47 223
136 49 110
140 59 94
145 47 130
131 59 173
144 57 195
136 54 195
134 59 201
136 61 193
130 51 196
133 59 208
129 64 210
141 61 209
142 56 210
141 55 229
133 52 245
142 61 244
140 69 78
137 64 95
140 76 81
147 67 99
128 65 100
131 72 124
146 64 126
132 77 130
131 69 131
139 77 140
140 82 156
136 78 165
142 80 160
132 79 181
131 73 194
127 73 195
143 67 208
137 87 207
139 73 215
140 76 222
140 68 241
139 77 252
142 69 252
135 94 5
137 100 28
128 80 53
128 87 53
139 81 53
139 90 53
142 88 46
134 77 72
135 88 42
141 88 89
140 94 84
135 89 97
142 85 77
133 82 118
131 87 119
139 92 103
141 82 115
142 85 119
134 87 169
138 96 186
149 103 188
134 86 193
143 90 179
131 81 208
134 95 208
145 103 210
134 92 210
140 96 219
144 81 213
144 97 212
133 92 232
137 93 233
139 90 247
141 85 227
133 98 257
130 105 15
132 108 4
134 99 16
137 110 17
137 105 4
141 96 25
143 106 7
133 110 31
138 99 40
130 100 43
129 96 72
137 94 64
139 103 46
141 97 67
127 100 211
146 108 204
131 110 218
148 111 228
134 109 231
143 104 236
133 105 251
133 113 251
139 113 15
139 113 34
137 129 216
140 118 227
141 117 234
142 119 253
134 137 223
145 132 209
134 142 235
143 143 224
148 144 229
136 140 251
134 144 212
131 143 256
134 167 234
142 177 223
133 160 259
134 168 244
139 162 241
133 175 242
148 180 236
135 188 224
140 189 224
132 179 254
143 15 240
155 16 235
156 29 200
154 23 204
150 24 230
158 19 228
153 30 230
157 34 244
160 34 243
161 29 230
151 28 247
160 18 243
150 46 127
150 50 157
151 47 168
155 41 213
160 37 211
146 44 236
160 37 244
166 39 231
149 43 252
150 64 98
144 43 122
148 58 125
152 58 134
158 60 160
160 54 165
157 55 133
160 70 153
160 58 154
153 55 187
157 52 188
162 61 185
156 66 213
159 61 213
150 66 220
147 57 244
152 55 252
170 54 250
147 76 82
151 81 98
145 69 117
149 78 105
144 73 124
151 66 123
142 71 134
150 76 155
151 75 140
157 73 159
157 80 158
166 78 177
153 70 222
149 66 231
148 66 244
144 90 62
146 89 80
149 84 112
156 95 175
153 90 176
160 95 182
145 98 226
142 96 41
143 108 33
164 110 204
155 110 210
153 109 234
149 106 251
145 110 244
152 103 239
160 103 243
159 110 246
153 116 221
151 123 217
157 129 216
143 122 235
154 117 227
148 119 247
157 125 246
160 119 245
145 139 214
157 136 224
155 146 211
156 131 209
158 134 242
148 143 255
148 130 250
162 138 248
157 147 216
154 173 227
143 167 241
151 175 236
147 180 227
165 180 223
176 6 212
178 7 226
163 8 238
172 15 230
164 8 243
172 22 252
165 24 199
164 30 199
180 29 200
182 22 202
162 23 211
171 24 230
163 25 248
179 35 213
159 44 258
172 33 250
164 50 251
180 43 251
176 70 219
170 69 178
174 79 192
176 70 200
167 67 229
173 75 226
177 76 210
164 67 238
174 63 242
167 58 252
174 68 253
170 76 255
173 84 253
168 85 174
175 103 202
176 106 195
181 95 203
166 92 252
175 79 238
178 102 251
162 114 202
162 108 249
162 111 246
167 102 252
168 105 247
171 106 251
162 114 218
154 124 225
171 118 217
170 114 217
170 119 224
177 117 217
173 110 240
174 123 234
164 112 250
172 117 243
161 137 212
173 138 209
173 134 221
171 131 243
168 139 251
172 145 210
170 147 219
177 148 214
169 142 237
176 159 224
162 147 249
159 154 247
171 156 245
170 160 244
176 146 247
176 152 242
180 150 240
176 166 247
165 168 248
169 167 262
180 169 246
183 14 205
186 19 204
173 19 214
185 3 214
187 10 214
187 17 221
205 11 212
177 7 239
183 9 233
186 13 246
184 22 255
194 5 246
187 30 218
183 28 239
192 18 232
191 39 188
183 55 215
180 33 229
189 40 264
183 59 187
191 54 178
187 61 189
180 68 203
182 68 224
183 64 221
189 55 218
179 71 226
182 56 233
190 46 236
186 59 236
188 61 226
177 49 249
176 55 254
181 61 245
185 63 246
187 67 185
183 76 202
189 78 209
189 83 232
178 79 235
191 78 235
179 72 249
183 68 265
185 99 202
187 89 209
192 88 210
185 94 218
189 92 226
183 82 237
184 90 231
189 95 235
177 92 243
182 94 243
189 84 246
188 94 250
187 111 224
182 112 233
184 117 224
176 106 240
184 112 247
188 102 243
194 99 256
178 126 216
179 120 222
185 127 211
183 124 218
190 125 214
190 121 216
191 112 214
194 121 206
191 121 228
185 122 231
185 143 204
195 140 205
185 134 214
188 128 225
177 138 230
180 134 235
183 140 227
183 156 221
186 149 203
189 151 215
180 152 241
183 154 248
188 158 230
192 172 229
187 171 253
189 167 241
194 175 245
191 175 251
201 6 213
197 5 227
196 11 239
208 16 244
196 6 254
205 10 254
204 33 137
202 26 146
207 18 153
196 35 199
206 26 175
205 33 205
203 30 220
197 26 240
200 34 229
211 49 139
198 42 157
202 44 146
203 50 163
197 34 166
193 49 184
200 35 185
192 46 197
205 35 199
193 47 218
203 44 221
206 47 215
202 35 243
212 35 243
198 40 245
211 41 250
203 57 160
202 68 176
202 63 179
196 47 241
198 61 227
198 63 250
200 43 251
195 82 195
200 70 187
204 70 229
203 80 236
209 68 235
204 67 258
218 84 197
199 96 220
202 96 226
197 80 249
207 99 222
191 101 241
191 102 230
198 109 245
210 105 234
203 104 241
210 99 258
200 122 200
192 123 216
196 128 216
203 115 221
208 114 212
206 128 209
197 121 245
193 126 236
214 115 250
199 138 201
205 139 203
194 131 214
207 137 216
201 127 232
200 148 204
196 154 212
199 148 212
198 144 218
200 157 215
192 161 221
202 181 211
196 171 222
200 178 233
211 180 246
223 14 147
204 17 218
212 2 220
219 7 220
217 14 213
214 6 233
219 17 229
210 29 125
213 17 126
219 28 119
223 14 121
204 33 147
207 38 142
217 20 130
206 26 153
216 19 150
214 28 171
218 24 172
219 25 177
225 21 180
217 31 203
221 27 200
211 21 213
220 34 220
230 20 213
214 23 240
217 19 258
221 42 108
215 38 124
225 45 128
215 49 144
218 34 127
223 50 147
222 35 194
209 39 207
221 52 216
216 45 220
223 32 245
215 41 261
214 60 167
217 56 148
215 69 175
228 54 165
215 49 249
203 84 204
219 84 209
213 76 235
206 98 228
221 94 225
215 91 241
220 92 238
211 93 272
214 99 240
219 88 246
215 104 246
219 102 242
212 119 235
216 116 216
224 125 225
225 115 230
223 132 227
210 152 207
218 165 190
225 158 191
221 142 216
227 175 179
211 173 195
229 196 181
213 194 225
221 174 258
219 199 202
241 14 121
233 13 140
224 12 223
232 12 220
243 11 230
233 13 235
230 29 89
235 21 92
232 32 95
237 21 105
227 14 133
238 29 145
228 26 160
231 24 166
226 34 174
231 31 174
227 28 189
233 27 179
242 31 178
238 25 220
230 27 229
230 33 239
235 16 222
230 31 261
224 33 99
226 42 111
226 40 130
227 55 149
231 38 169
235 50 152
235 38 175
233 44 159
231 46 187
239 41 185
227 35 199
238 43 196
227 52 219
236 45 216
234 39 225
233 51 230
225 46 249
243 49 246
241 50 92
231 48 103
238 51 113
238 44 131
225 65 173
220 67 181
234 54 167
231 58 189
235 49 197
233 62 186
228 59 213
233 70 206
225 58 231
232 58 216
240 54 220
226 53 245
231 70 229
235 48 237
232 67 241
231 60 251
241 65 247
229 80 204
225 80 212
225 70 255
232 80 232
224 83 252
232 75 255
224 86 205
227 90 232
231 92 230
240 87 228
225 96 249
230 90 245
240 80 258
237 105 195
236 101 194
239 102 212
237 101 213
238 105 223
230 114 222
231 99 243
237 126 216
240 110 212
225 120 258
232 116 245
234 123 253
228 139 218
235 142 216
241 140 221
235 135 226
236 148 199
213 186 193
241 188 169
227 177 253
230 190 242
234 182 249
233 203 188
242 207 200
226 200 225
239 199 229
241 19 15
242 9 4
249 11 17
252 2 4
249 2 12
267 16 22
248 18 23
245 17 131
238 14 240
246 28 19
253 27 3
249 24 17
261 45 16
254 18 18
256 34 29
254 18 27
244 30 60
252 32 36
245 26 70
256 27 70
248 19 96
250 28 82
240 18 127
251 26 104
256 25 104
253 31 115
254 28 122
241 33 135
246 33 135
238 27 155
242 38 146
244 31 219
243 19 222
249 27 232
248 14 231
255 31 227
248 19 244
252 38 28
247 43 51
240 39 65
241 34 74
246 43 72
254 46 40
248 29 73
259 43 39
234 40 95
235 47 112
250 41 113
235 39 130
253 40 121
237 42 160
242 38 178
245 35 213
253 44 213
253 38 219
242 36 236
251 40 228
234 41 249
249 27 243
259 46 66
251 48 70
253 48 94
246 48 118
248 56 224
250 63 226
247 59 243
242 58 232
252 52 251
251 67 243
251 82 241
248 71 252
250 95 221
243 84 238
246 97 227
267 91 243
237 101 203
240 100 216
247 102 202
254 103 195
257 106 197
254 99 204
253 109 204
243 105 216
251 98 213
250 97 235
241 109 256
257 105 248
240 119 209
256 112 206
245 123 207
246 116 221
250 122 210
250 127 221
241 111 236
240 126 246
240 120 228
240 130 239
252 114 233
253 122 236
237 118 254
249 109 248
248 126 247
244 133 219
248 141 221
241 128 225
240 132 233
248 140 230
243 136 247
244 146 256
258 156 183
253 146 221
246 155 250
254 160 254
255 148 242
249 175 165
246 167 171
247 158 180
249 169 253
265 184 160
248 181 249
256 197 166
256 206 181
236 205 214
13 123 268
17 123 300
18 120 307
0 140 268
7 129 267
14 134 264
12 144 276
7 143 283
10 145 273
16 130 283
15 140 282
16 141 280
5 149 260
15 147 267
12 149 283
10 147 275
27 98 300
18 114 268
16 120 281
20 104 295
27 93 282
25 113 292
33 104 297
28 115 305
41 112 313
19 128 255
12 126 261
24 126 285
27 118 312
33 122 311
23 146 269
32 134 267
33 126 283
32 136 277
22 146 288
18 125 308
33 150 263
26 145 284
25 143 277
29 151 278
34 143 289
39 94 273
36 89 288
40 90 281
45 89 301
49 90 297
42 100 269
48 109 255
32 110 280
40 101 280
37 117 301
44 101 304
32 117 295
46 103 294
60 121 301
37 115 305
53 114 319
32 118 263
30 124 285
32 113 292
41 127 303
49 126 297
39 122 317
49 121 318
42 118 322
43 130 328
52 115 330
34 142 261
43 137 273
38 131 291
42 135 277
51 124 292
50 137 285
45 131 305
52 132 299
39 143 308
50 156 298
39 146 313
47 141 327
45 134 324
40 146 274
41 152 277
36 148 265
39 148 289
44 146 314
56 163 274
42 160 302
47 164 289
46 168 288
47 172 296
46 169 305
52 93 312
57 94 304
76 84 326
77 83 334
55 96 408
51 117 295
61 96 325
56 99 309
60 112 316
69 95 317
60 113 298
66 95 321
59 102 330
66 99 323
65 106 328
50 112 336
53 114 343
60 105 342
68 96 344
67 115 342
54 102 404
64 125 304
54 127 306
50 129 321
63 133 316
66 126 314
56 123 334
50 127 334
51 133 266
71 138 271
61 125 282
55 131 284
61 125 298
64 123 294
70 139 299
54 134 305
55 140 314
68 134 311
60 146 306
65 134 305
57 160 267
70 158 272
66 141 273
67 163 266
70 159 290
65 159 278
53 152 301
52 144 291
72 147 293
53 154 307
60 153 308
61 143 311
69 157 306
52 167 296
80 63 418
77 70 430
75 58 433
77 49 447
82 68 415
74 74 400
77 81 436
79 72 448
76 62 450
76 81 455
70 92 313
84 89 333
77 93 347
71 96 359
73 94 371
75 88 383
80 95 386
78 85 397
57 93 401
64 93 407
65 101 401
75 81 405
79 86 399
69 96 408
83 96 411
68 93 420
77 91 434
74 83 422
78 90 427
77 94 444
80 100 296
81 104 283
75 111 285
78 105 297
68 112 311
80 99 317
75 103 321
79 105 306
83 108 318
72 115 336
74 106 349
75 100 347
85 115 336
75 111 357
78 103 353
72 103 362
78 110 352
79 110 355
82 105 360
74 98 372
85 99 378
68 100 414
84 95 432
64 117 263
70 115 266
80 129 265
71 120 271
75 131 258
70 114 296
81 121 297
79 127 314
74 115 304
75 120 322
79 118 338
71 118 328
80 112 330
63 116 345
69 125 337
71 114 352
72 119 340
77 110 348
79 110 352
78 113 357
77 132 273
80 139 274
70 134 286
70 133 278
83 131 300
78 143 310
80 140 317
83 135 312
69 138 329
68 143 319
72 140 326
85 136 337
69 125 342
77 143 280
72 152 264
73 145 258
76 160 300
80 151 302
68 152 308
73 152 313
79 146 321
78 152 318
69 144 331
72 147 320
73 150 323
76 142 323
87 154 322
75 159 268
84 170 267
69 164 283
78 161 281
75 171 281
66 162 301
75 163 293
85 161 294
69 162 306
71 174 273
75 181 271
86 179 268
68 177 277
74 176 277
82 179 274
93 33 428
89 45 434
91 55 355
90 58 379
91 51 355
91 51 372
94 65 378
96 52 385
82 49 393
82 53 395
86 52 382
89 55 398
82 51 432
82 54 413
89 47 445
88 60 410
90 64 405
95 59 421
93 55 427
94 59 439
80 62 453
86 57 468
91 53 453
86 62 468
97 62 474
93 51 484
84 79 355
87 76 373
99 79 372
98 74 373
95 72 377
90 74 401
95 75 408
97 66 410
87 71 435
82 90 419
86 69 416
90 78 430
89 72 434
98 73 430
88 69 439
98 72 446
90 67 463
86 73 452
89 76 446
92 75 473
99 92 320
81 91 320
91 87 331
80 89 335
81 100 345
86 85 353
90 79 345
89 84 345
99 82 354
82 90 367
89 92 363
90 81 368
84 87 384
89 81 389
96 78 391
89 95 423
89 86 427
91 87 408
86 85 428
87 78 438
91 96 443
88 92 460
91 91 471
86 111 281
85 91 312
91 99 304
89 96 337
90 108 328
99 96 344
80 110 356
88 97 370
84 111 380
92 106 367
100 111 377
89 108 395
93 104 399
93 112 414
87 100 423
91 114 426
85 98 440
84 115 436
84 114 430
90 105 446
77 92 457
97 100 471
95 116 267
92 121 269
87 121 296
86 131 308
94 123 355
93 119 341
91 112 371
98 114 374
93 113 389
94 126 399
98 122 386
95 120 411
88 132 278
92 144 275
82 128 288
90 127 288
90 137 295
101 139 294
97 139 316
96 136 342
94 138 357
97 134 366
97 133 360
97 127 371
96 125 387
97 131 409
99 131 421
80 155 272
87 144 280
82 155 259
92 147 256
98 141 267
95 152 270
87 159 281
99 149 283
81 144 296
86 151 295
94 156 300
95 147 324
88 146 323
88 154 337
93 149 332
99 155 324
95 155 333
90 149 350
91 152 339
92 153 346
90 168 263
95 159 273
81 170 279
94 166 289
97 160 285
88 158 307
90 184 254
99 192 265
91 181 271
98 177 272
109 25 416
102 26 420
105 24 455
109 20 441
107 28 431
99 34 454
105 42 472
109 23 494
109 23 506
109 41 345
107 41 366
116 39 366
113 46 351
104 44 380
89 48 398
106 35 389
97 35 405
109 50 410
107 45 420
103 34 444
103 49 441
106 38 442
106 47 453
101 48 486
110 62 261
101 65 365
107 45 352
97 55 355
103 60 360
107 57 366
112 62 358
103 52 372
110 48 384
110 53 376
93 51 405
96 59 395
101 57 382
107 57 385
104 46 409
104 54 403
105 56 431
111 62 416
101 50 457
103 62 441
95 63 450
104 56 466
93 57 482
101 57 478
106 46 495
107 59 485
104 52 494
111 53 485
117 50 500
100 80 260
107 80 262
107 78 271
108 79 288
114 70 327
110 65 335
110 75 346
105 74 375
108 78 396
111 75 391
110 74 420
106 67 433
97 74 471
103 77 489
109 92 493
115 86 277
101 93 287
107 88 277
101 93 306
104 86 337
110 78 357
112 80 340
99 87 367
103 90 360
118 85 368
111 85 371
108 79 375
114 94 367
101 81 391
94 92 462
102 90 478
114 89 490
106 96 267
103 112 264
111 94 272
93 102 290
98 116 278
108 105 277
101 100 359
102 111 357
100 110 420
100 106 444
109 110 438
103 109 459
109 104 464
111 104 478
103 97 472
102 118 262
99 134 253
101 129 264
110 122 269
116 114 261
100 113 275
105 122 280
117 117 276
100 115 357
104 125 356
116 127 371
110 118 357
111 127 353
100 127 376
110 113 378
106 116 376
99 125 390
108 114 411
110 121 398
108 120 404
107 119 419
107 127 406
103 131 415
96 116 433
102 118 449
103 136 274
111 138 256
107 133 288
97 138 329
105 129 328
111 143 317
115 133 325
103 147 345
99 130 339
109 129 345
111 134 357
104 131 440
109 131 432
108 128 452
100 147 260
100 161 264
110 156 260
108 159 268
102 146 280
108 142 284
113 150 290
114 152 278
106 142 304
108 154 322
105 147 340
122 145 346
105 177 268
106 180 271
105 157 307
111 161 318
115 160 314
99 158 331
112 155 332
111 181 256
108 189 263
100 185 275
111 184 275
107 174 296
106 193 253
116 14 437
125 12 458
124 33 375
130 26 385
140 22 393
118 24 402
129 25 401
122 16 415
113 33 416
118 18 411
120 21 436
134 19 416
119 22 456
122 17 447
109 27 453
117 20 467
120 26 470
128 18 460
127 21 479
123 40 487
118 19 505
120 25 506
131 19 498
111 36 340
121 33 342
120 34 355
120 48 352
120 38 340
127 40 356
119 49 372
123 42 365
121 42 374
122 42 381
117 35 384
117 35 397
114 44 398
104 42 462
117 50 480
115 46 499
130 28 479
125 40 500
125 44 507
121 62 265
119 60 354
117 57 384
126 57 377
113 50 389
109 64 389
122 60 388
121 66 385
130 55 381
129 66 380
116 64 404
113 70 489
120 52 492
133 46 507
129 66 501
125 77 296
125 73 316
125 82 315
126 72 307
122 65 328
122 71 335
129 65 337
112 63 346
126 72 350
115 71 363
122 81 360
122 66 362
127 75 363
119 69 377
118 73 376
122 82 367
120 79 380
125 65 371
113 73 400
126 69 392
131 77 384
126 80 396
115 94 266
122 94 269
125 80 258
111 81 276
117 79 292
120 82 301
104 90 298
120 83 289
123 87 325
116 89 309
122 84 311
129 97 312
116 92 327
120 93 322
119 93 327
128 93 322
129 90 361
119 90 380
123 90 367
127 87 374
127 99 377
117 79 402
121 78 390
121 86 396
129 83 389
115 100 259
123 110 271
126 100 270
122 104 281
122 99 284
131 105 275
132 97 285
125 114 324
125 101 323
123 110 354
119 108 478
120 96 486
116 112 481
121 95 494
134 100 487
126 103 493
121 115 255
121 121 259
126 122 269
120 127 341
119 123 370
122 123 395
118 125 382
118 123 440
132 127 430
121 113 460
122 122 453
115 121 468
116 115 466
129 113 468
128 115 476
117 133 272
118 142 262
114 142 268
118 129 262
109 136 266
121 143 276
130 125 296
123 138 312
123 131 303
117 139 325
117 131 331
120 145 338
120 128 360
127 129 420
128 128 438
127 154 257
119 146 285
118 161 282
128 137 275
118 152 296
120 143 311
122 149 298
121 159 295
128 158 299
125 155 322
136 134 356
111 172 260
113 162 262
120 153 268
127 158 262
117 174 269
128 167 294
115 172 286
119 166 300
130 157 326
128 163 312
118 181 256
132 178 268
110 175 285
115 179 271
118 177 291
133 13 404
135 7 413
123 11 428
140 1 429
135 4 445
142 11 443
148 4 449
139 9 454
137 8 462
145 8 447
133 17 471
144 21 471
139 28 484
143 18 380
147 27 369
146 23 382
137 29 400
142 17 387
149 18 401
145 12 429
133 24 470
142 29 476
139 23 490
133 27 498
141 26 500
132 48 316
133 47 334
142 50 327
133 48 346
142 37 344
131 37 365
133 36 358
140 46 358
126 35 381
137 36 369
132 40 376
145 31 372
152 51 375
150 42 370
132 34 390
133 47 487
135 38 484
141 37 492
142 32 493
131 47 494
147 39 507
131 50 264
135 53 268
126 70 268
132 73 285
137 58 278
139 47 297
128 63 294
145 48 298
137 62 292
127 57 318
134 54 320
130 69 326
137 58 329
132 58 337
132 61 356
132 54 359
138 63 357
143 63 368
145 67 381
133 67 499
146 58 499
129 87 268
134 72 256
144 82 278
129 81 278
130 80 290
135 77 282
146 64 274
129 68 299
136 88 310
134 77 293
132 75 312
128 76 327
135 71 341
132 77 342
136 69 354
142 64 375
139 77 359
138 70 379
137 77 391
144 74 385
137 88 500
132 94 265
143 96 263
141 96 270
141 83 292
146 91 300
145 93 294
132 95 316
131 92 303
144 96 318
132 85 322
137 81 331
137 94 327
144 89 342
134 88 354
135 91 363
140 86 360
148 86 366
144 87 355
133 98 367
132 92 385
132 92 494
144 107 269
140 108 279
133 99 299
132 109 290
138 96 287
137 98 300
141 105 287
137 107 323
134 109 316
143 105 323
129 105 319
131 112 325
128 111 328
135 108 331
131 111 345
139 110 344
132 105 358
134 104 374
135 110 368
152 105 491
154 105 486
138 99 494
129 118 260
133 123 256
146 124 262
143 125 268
129 117 281
136 117 301
141 120 299
133 119 315
141 115 314
128 116 330
136 119 323
124 131 324
143 118 336
142 122 339
141 133 346
132 126 379
148 116 474
125 133 270
133 135 260
141 135 268
143 135 259
145 147 283
133 141 274
135 134 272
138 135 278
142 132 283
143 140 283
136 128 297
139 133 304
141 150 292
143 138 332
138 141 313
125 135 359
140 140 356
144 131 362
138 134 374
140 129 394
140 132 402
143 131 419
151 128 436
151 130 444
157 127 456
146 128 456
144 122 473
134 143 266
141 151 280
138 155 283
145 138 300
139 156 309
136 157 315
146 152 321
138 139 346
140 152 330
147 143 338
149 148 341
145 145 345
148 144 360
131 169 259
133 174 259
129 175 265
135 165 279
140 167 284
142 163 296
141 163 317
144 154 339
155 11 405
145 3 416
160 7 424
161 7 455
169 13 436
160 15 464
152 10 466
162 9 444
154 13 478
157 20 482
162 28 268
154 31 346
164 23 382
154 23 394
148 24 400
161 29 392
153 14 419
161 18 407
153 22 478
160 23 476
143 27 484
167 32 487
140 39 266
149 40 255
153 39 290
148 45 277
159 38 277
159 45 274
160 27 312
152 31 314
143 39 328
154 37 306
157 32 318
148 41 323
145 38 337
160 37 331
151 54 361
142 39 356
150 44 365
158 34 356
165 44 371
147 35 490
151 36 484
160 62 499
149 45 495
157 39 503
156 44 505
169 35 503
154 59 269
144 57 277
154 61 367
146 52 368
155 65 375
155 58 372
150 50 371
147 61 496
150 71 502
146 72 361
148 78 360
152 75 370
158 66 373
157 70 382
157 75 382
156 77 498
147 91 287
152 91 281
156 95 280
160 95 306
162 87 302
151 88 305
159 95 321
150 90 330
162 92 329
152 82 350
165 74 358
144 92 362
160 88 380
151 89 381
156 83 387
152 85 499
163 91 492
145 101 273
160 108 260
160 107 272
159 101 271
145 101 285
149 110 290
159 102 273
148 109 305
150 102 294
151 104 302
162 105 300
147 97 328
146 109 335
156 109 331
146 110 347
147 111 362
148 112 362
156 111 357
151 102 362
148 103 372
163 94 495
154 113 278
145 135 268
152 115 291
157 128 272
145 121 311
155 115 295
156 123 293
164 130 285
160 115 332
148 117 355
157 117 347
146 116 357
156 127 363
148 126 371
149 118 370
145 125 455
148 138 272
147 127 269
153 139 259
162 134 256
161 147 252
154 136 282
150 138 298
148 132 323
151 145 316
154 142 308
147 138 332
153 138 356
160 139 345
148 135 362
147 138 351
151 139 361
161 134 368
154 132 390
155 133 368
155 135 395
151 128 420
161 131 422
148 164 273
151 169 265
156 147 261
150 152 267
156 164 261
152 158 276
153 149 273
157 149 293
145 157 296
151 150 296
162 154 308
151 152 310
157 151 320
143 156 320
157 145 357
153 139 378
150 159 313
165 8 420
170 15 406
169 8 440
165 13 471
169 28 272
168 31 290
175 27 279
175 27 312
157 30 334
172 29 322
172 29 332
164 33 338
162 29 347
169 25 338
163 25 352
160 29 362
170 27 364
167 33 363
172 27 354
168 30 373
164 31 376
178 25 387
173 26 396
178 22 402
174 21 416
167 18 466
179 28 474
166 34 261
164 40 263
165 30 282
176 33 278
169 43 278
171 30 302
167 36 291
176 37 316
167 33 328
171 45 354
167 38 357
177 40 353
174 37 382
178 55 396
165 40 485
168 41 491
160 46 496
170 40 502
175 48 268
159 50 361
159 60 379
177 55 373
165 59 373
165 68 376
170 67 391
176 62 495
172 58 500
167 78 265
162 67 284
162 79 286
168 79 286
163 78 291
177 69 294
163 81 304
184 76 305
175 77 310
174 80 319
172 75 366
171 74 360
173 65 365
179 70 360
166 72 387
173 75 378
185 71 369
180 75 495
160 97 257
166 86 261
164 93 266
173 87 275
160 95 291
172 87 299
171 91 299
178 84 301
163 86 316
170 97 310
172 89 312
168 84 330
170 90 323
171 95 321
176 88 319
169 76 348
174 81 349
169 92 338
174 84 354
173 92 358
159 83 376
169 89 366
172 88 499
166 102 264
170 110 268
166 103 278
172 104 276
175 98 276
176 102 278
176 95 334
167 96 367
166 111 347
172 103 355
175 102 487
181 103 471
171 116 265
166 115 301
173 121 288
164 109 313
172 116 314
170 128 313
170 114 331
176 120 322
174 111 342
174 122 435
167 120 460
159 118 477
175 118 469
174 112 470
163 132 266
167 139 257
162 144 257
159 139 281
173 145 269
174 133 276
173 141 290
173 140 348
176 140 360
173 130 375
162 137 375
171 130 405
168 127 407
177 131 384
173 126 437
167 150 257
173 147 262
173 161 264
165 151 303
171 150 296
173 148 290
176 153 304
162 146 325
173 154 317
161 146 346
168 145 336
167 160 281
163 169 271
163 162 288
172 163 288
195 18 259
177 10 433
187 17 442
176 19 466
183 23 269
189 20 270
184 29 287
179 29 294
176 27 345
183 20 352
185 30 348
192 27 355
174 30 374
186 24 368
186 25 357
191 29 377
190 28 386
190 21 407
181 16 418
187 25 408
178 16 434
193 32 429
186 15 427
186 22 436
192 31 444
186 31 453
187 21 452
191 30 457
174 32 474
190 34 471
184 39 263
183 39 283
183 45 278
189 36 287
177 35 295
194 34 308
195 40 307
184 34 310
190 35 322
178 34 340
183 55 334
180 38 328
183 49 325
185 39 322
177 40 345
177 49 342
182 44 358
185 42 357
176 32 396
180 36 385
186 33 387
187 46 393
191 39 389
194 47 392
182 32 399
184 36 404
182 45 407
188 38 415
186 49 419
189 38 433
190 53 423
187 37 444
189 40 462
193 39 452
180 43 489
191 33 491
184 41 484
188 51 481
191 45 482
194 39 486
186 38 495
187 64 348
189 48 359
189 54 373
186 61 371
182 49 417
189 64 406
190 64 487
191 61 492
176 79 261
177 78 274
182 73 284
193 70 281
187 70 295
181 82 297
188 79 288
188 75 322
192 73 344
185 76 355
184 69 353
185 76 361
184 71 399
169 71 501
185 78 498
195 78 492
184 92 267
188 94 264
189 85 273
175 83 288
175 89 294
181 90 310
182 85 305
183 86 312
178 92 327
183 84 328
181 87 342
183 80 342
186 85 342
178 80 373
178 82 353
189 84 360
188 78 372
185 85 487
195 99 469
186 96 490
176 103 272
188 109 261
184 109 274
187 91 307
184 103 297
192 90 301
191 99 299
193 94 308
188 109 341
192 107 348
180 107 351
190 101 350
192 108 435
183 115 447
185 106 475
181 93 488
189 110 269
177 127 291
187 119 300
178 113 312
172 110 323
187 112 312
183 124 308
185 111 330
188 114 334
186 118 340
186 121 328
191 122 321
192 128 316
179 112 343
187 122 354
191 124 335
185 119 374
190 119 383
185 118 416
189 121 406
181 120 455
175 133 304
190 134 290
189 134 303
191 140 312
184 136 335
185 128 366
188 120 430
188 146 274
190 155 258
174 151 290
178 154 273
190 152 271
182 150 311
179 148 337
177 169 266
177 161 272
183 168 269
185 163 256
193 166 256
193 171 268
182 171 277
180 163 295
191 166 285
206 22 255
207 22 272
208 23 262
194 28 272
196 32 281
206 21 278
214 25 328
197 25 344
193 34 367
207 32 367
199 31 418
197 31 398
196 26 427
206 34 435
209 32 418
202 25 435
199 25 452
202 34 455
201 47 269
199 41 289
199 51 302
202 49 295
205 44 294
202 42 306
202 48 318
205 44 318
199 34 327
193 42 376
201 40 397
207 48 370
203 45 382
194 33 406
195 37 414
203 40 414
206 44 409
197 44 433
201 47 452
210 38 448
207 38 467
201 39 476
199 49 474
203 46 462
204 44 472
197 52 289
204 59 285
207 58 272
200 66 293
198 65 301
206 63 314
210 54 317
193 66 340
195 59 326
195 62 321
204 59 324
215 61 333
200 64 373
203 54 381
204 61 379
195 57 387
199 52 399
204 57 401
202 50 387
205 51 406
204 48 402
197 53 421
201 57 421
213 62 428
200 51 447
208 58 435
202 62 472
204 59 479
207 73 278
193 68 298
197 78 289
197 77 312
203 69 307
202 89 315
191 67 361
201 68 362
206 83 347
191 73 372
196 69 378
213 77 372
190 70 399
198 66 398
198 61 416
206 67 460
209 74 466
198 80 282
203 82 277
203 85 284
195 83 300
198 83 301
206 103 295
207 98 306
206 88 338
204 92 348
210 83 347
206 90 354
199 98 369
207 89 404
199 97 399
202 93 425
196 77 485
196 91 466
197 89 482
198 97 275
194 107 313
200 109 318
193 107 328
196 111 332
199 97 329
197 101 346
202 104 344
193 103 354
196 106 369
202 102 370
208 102 378
213 103 378
204 101 385
204 111 387
208 109 384
201 107 400
204 104 414
202 106 405
208 113 413
197 105 415
200 107 432
197 95 453
200 98 476
204 121 296
199 123 319
202 114 303
200 116 320
208 117 303
209 121 304
207 128 305
194 118 336
206 127 320
196 111 351
200 115 337
193 123 350
201 123 363
203 126 354
204 119 371
202 122 377
204 117 382
205 118 392
200 112 444
192 111 451
206 113 443
194 127 292
194 137 270
202 131 287
200 136 294
195 137 294
194 131 307
202 140 299
201 133 310
195 134 316
194 137 329
207 133 340
204 123 373
205 132 353
195 147 270
198 157 268
197 156 283
203 144 273
199 144 277
204 145 289
207 154 271
189 155 307
196 144 298
196 144 309
187 165 280
202 174 254
205 161 265
207 164 271
205 158 280
199 172 263
226 9 296
220 14 310
216 28 265
225 28 258
217 22 271
212 28 273
208 26 297
217 18 290
214 28 320
219 25 346
220 35 363
215 44 258
210 39 317
212 52 318
215 50 366
220 44 410
213 40 423
213 46 419
215 44 437
220 45 445
211 43 459
218 59 265
224 58 282
213 54 290
208 63 301
218 67 295
212 51 298
227 69 288
212 62 316
225 60 303
220 55 317
219 57 355
212 56 372
210 52 378
209 57 380
215 63 384
215 58 402
213 62 411
231 52 402
219 63 411
220 55 402
226 52 414
219 50 414
217 50 431
224 69 419
210 52 434
212 67 437
209 55 443
224 59 430
212 59 460
215 63 449
217 80 266
214 70 281
218 77 275
210 77 298
209 71 305
216 71 296
210 73 315
214 67 306
220 66 308
217 71 307
225 74 318
217 72 317
228 80 313
215 66 349
216 78 336
218 66 343
223 77 339
212 77 358
216 72 363
210 67 377
217 70 373
222 72 383
217 73 405
223 69 408
220 74 427
213 79 434
214 72 444
218 63 436
221 70 437
222 79 440
219 84 444
205 68 480
216 76 462
209 88 275
212 96 288
210 82 316
216 89 303
221 86 309
213 76 325
209 89 326
213 84 336
214 93 330
220 100 320
210 92 339
211 87 355
213 95 348
216 87 337
219 86 351
219 95 350
224 97 342
216 86 362
216 92 362
222 82 363
221 90 355
213 92 374
216 82 372
224 79 371
212 84 394
211 94 398
213 95 386
218 93 405
217 87 405
218 86 425
226 85 429
209 93 438
206 90 461
212 85 453
221 93 435
217 93 442
207 78 477
216 110 264
226 98 271
230 110 244
214 108 281
222 102 282
209 107 296
212 109 291
224 99 291
209 92 310
208 96 318
215 112 312
221 109 316
214 116 330
205 98 349
205 109 348
220 99 333
209 93 361
207 97 392
213 101 402
213 103 383
214 100 390
210 102 395
213 114 400
216 98 391
212 96 409
215 101 428
214 113 422
212 98 443
210 103 453
215 112 283
220 117 277
218 124 280
211 118 300
216 120 308
218 128 293
219 122 316
207 128 284
207 138 277
214 132 276
213 137 280
217 140 288
215 142 274
220 133 274
208 139 296
219 130 304
222 139 300
223 134 295
222 139 298
212 133 316
216 128 316
222 133 313
224 125 305
207 136 333
213 135 324
214 137 323
206 129 350
209 137 340
216 153 271
221 161 258
223 148 268
210 142 300
227 146 275
223 159 274
218 165 263
230 9 307
241 12 285
230 20 322
249 15 325
229 32 269
224 18 283
234 24 278
231 20 332
234 27 349
225 48 269
232 36 260
233 41 276
227 48 419
238 58 262
238 74 272
224 54 285
240 58 314
240 53 324
226 60 332
230 57 346
232 62 401
237 61 409
236 59 421
225 57 438
238 69 420
223 52 461
222 59 461
233 84 278
230 67 295
235 71 294
230 75 294
244 73 288
228 75 288
240 82 295
228 77 307
232 79 325
229 83 334
220 75 391
222 73 415
234 67 415
237 73 408
235 74 418
227 83 262
230 88 259
236 91 268
221 92 285
231 82 315
230 97 304
236 86 309
237 88 315
226 89 330
238 84 334
227 96 333
227 89 338
228 78 363
235 83 340
232 88 336
237 90 339
227 95 354
232 90 349
234 87 349
227 86 368
228 92 436
225 105 283
245 105 281
222 106 294
232 95 293
229 107 297
230 103 299
237 108 304
240 113 308
234 109 313
232 102 326
241 111 318
234 102 340
235 96 338
239 103 337
227 131 259
237 107 271
229 108 286
234 114 304
237 114 288
234 123 298
240 121 301
226 120 317
234 124 309
234 118 326
234 122 328
227 137 274
230 143 259
227 141 269
238 135 263
227 143 290
231 140 278
239 128 285
233 130 281
226 139 296
224 140 301
229 142 294
242 130 299
225 129 314
228 136 309
238 137 299
234 129 316
234 128 325
228 157 274
237 156 255
224 147 280
231 150 274
231 148 293
230 140 298
236 174 258
240 175 265
226 182 262
233 183 265
242 187 260
245 9 308
248 10 293
255 16 318
253 29 284
250 21 336
236 33 354
254 39 285
250 35 344
238 45 353
249 61 256
242 62 268
251 61 275
259 64 271
243 53 285
249 56 276
252 52 290
242 57 289
241 61 299
250 58 299
255 63 297
244 61 303
246 60 406
251 69 413
250 86 265
245 73 271
250 77 284
260 87 281
239 69 303
243 74 295
253 76 292
256 73 301
239 74 316
249 71 309
248 71 406
240 105 248
252 102 255
244 84 288
246 91 291
241 103 295
244 82 299
255 87 286
240 103 315
239 94 310
247 100 326
248 96 321
244 90 338
257 108 267
248 107 286
241 102 288
247 111 296
247 109 292
242 106 313
248 98 311
254 94 322
243 107 319
259 105 317
242 112 268
253 119 269
244 113 275
255 123 273
239 112 293
245 122 295
251 131 292
257 116 284
245 118 308
259 136 301
261 121 307
238 121 329
244 135 269
242 138 262
250 138 286
255 137 282
256 141 283
246 134 296
253 141 295
244 154 258
241 164 266
249 163 262
255 180 254
126 23 509
262 9 3
261 8 13
260 0 15
270 13 11
267 21 4
268 30 15
268 21 17
271 31 6
258 31 37
263 29 35
264 27 41
269 31 28
255 26 37
265 31 51
260 32 80
259 34 14
261 45 1
265 42 15
270 36 14
267 42 4
270 39 4
252 36 47
265 40 44
269 45 41
258 32 60
253 44 77
265 43 55
258 37 71
259 43 81
257 39 108
258 47 219
263 42 228
261 51 233
266 50 30
261 48 45
265 56 218
265 56 244
257 66 255
268 65 251
256 76 229
259 66 232
268 78 223
276 66 231
271 70 222
268 75 237
269 78 247
261 96 215
265 89 212
271 95 225
256 87 241
266 87 234
262 95 204
264 109 203
275 106 212
267 104 219
268 109 217
274 95 219
271 101 213
262 101 225
262 100 227
262 96 224
273 98 227
271 103 235
257 104 251
258 107 249
264 108 242
263 110 210
267 117 210
260 114 231
258 113 250
264 115 251
260 150 200
258 155 240
267 159 228
257 158 249
278 179 158
268 167 167
260 169 246
261 176 240
259 183 247
256 185 239
275 195 159
254 197 229
260 205 207
274 33 35
276 40 11
272 44 26
275 48 29
272 46 1
271 58 228
272 56 233
273 63 242
276 78 223
279 67 241
276 74 234
282 78 236
272 70 244
276 87 225
269 92 228
276 93 238
283 86 241
284 92 237
288 90 244
276 84 254
278 88 250
274 114 223
286 100 225
277 115 228
284 103 233
271 104 254
283 103 242
286 111 247
273 157 213
285 164 182
274 168 224
273 184 223
286 201 139
292 202 158
282 202 167
273 204 184
285 198 190
271 197 213
285 218 107
285 210 118
284 208 145
285 220 113
289 101 247
292 99 249
288 166 193
290 175 198
284 169 167
300 178 164
289 190 197
299 186 186
289 199 153
297 193 151
293 201 174
289 221 97
303 216 104
285 213 134
303 202 131
296 209 146
300 222 104
311 189 154
306 184 176
323 185 179
325 199 137
306 193 175
307 216 128
322 205 124
315 216 115
312 201 160
343 183 172
332 187 159
332 192 176
326 204 140
312 185 165
324 210 130
355 186 171
341 197 138
337 205 138
350 203 138
367 192 150
354 192 170
363 186 161
375 188 163
363 197 144
356 201 151
370 198 158
380 192 155
380 192 162
259 23 296
259 25 321
256 46 327
261 43 303
255 52 309
259 75 257
267 70 290
264 74 271
271 75 287
257 68 296
260 78 288
257 74 293
258 79 266
267 86 266
267 96 259
270 83 259
259 97 272
263 85 274
263 84 284
264 96 267
267 80 279
265 91 292
252 98 299
262 85 297
268 89 299
272 91 298
264 93 307
253 90 309
273 89 303
261 93 261
260 104 258
272 114 259
260 101 277
265 114 274
255 101 302
260 104 312
262 111 304
253 123 259
259 123 261
266 122 272
251 123 284
260 127 297
274 91 259
277 99 270
269 96 273
277 90 292
275 93 302
275 114 266
285 111 256
7 5 4
8 9 7
12 11 10
3266 17 3194
18 17 3266
23 21 24
25 0 23
26 25 38
29 1216 28
28 20 35
35 29 28
35 19 34
62 32 36
47 23 24
38 74 34
26 38 41
35 42 38
38 42 41
41 42 1215
42 35 34
43 39 44
43 40 39
44 40 43
30 24 22
31 47 30
31 51 47
45 51 48
37 47 68
45 50 46
54 53 55
57 83 52
83 56 52
41 52 26
55 39 54
58 83 57
60 45 48
59 48 61
59 61 60
64 62 34
64 65 62
62 65 66
66 63 62
71 68 70
50 37 73
73 72 71
53 39 40
69 72 74
76 72 73
73 69 74
73 74 23
49 76 23
40 75 53
77 76 49
55 40 44
78 81 76
46 50 70
60 49 45
56 82 60
84 53 80
83 77 56
1226 58 57
1237 63 66
86 106 87
92 79 77
89 91 75
94 83 58
94 93 83
90 92 95
96 92 93
96 95 92
107 104 98
107 98 106
104 100 99
108 109 107
111 143 108
113 136 105
114 112 115
114 115 113
113 105 140
120 1392 116
121 117 124
112 114 97
127 121 124
131 101 134
128 130 131
130 129 131
133 132 101
133 101 109
135 101 129
137 104 105
107 132 140
138 100 104
216 139 152
141 216 152
143 144 108
142 135 207
152 137 147
114 113 150
150 140 144
154 118 122
120 143 111
120 151 1699
120 1699 143
145 153 150
156 148 149
125 149 123
157 125 165
125 156 149
160 156 157
165 125 126
118 154 161
124 118 161
162 1570 127
162 127 161
164 161 154
163 164 1571
166 241 157
169 168 1594
170 183 171
280 171 183
188 171 284
177 176 178
175 5 289
179 178 176
180 175 289
183 170 187
187 170 182
186 185 187
187 279 183
188 184 182
189 188 190
191 6 174
194 192 177
318 176 192
191 174 195
181 185 196
186 184 200
199 189 190
201 128 131
128 201 1652
210 339 202
8 6 193
129 1651 207
210 131 134
146 1684 208
138 212 213
215 214 213
215 213 221
216 212 139
221 212 216
138 217 134
217 138 213
221 216 141
146 211 350
219 146 367
148 222 147
151 153 155
226 141 152
221 361 215
1699 151 155
153 145 219
229 153 220
1699 228 220
220 153 219
377 229 228
156 232 148
233 229 227
232 233 222
233 227 222
234 158 159
237 238 155
241 240 244
247 233 160
247 160 241
247 241 244
391 243 245
169 242 168
242 387 168
252 245 251
251 245 243
402 251 243
250 242 169
1761 250 1594
261 431 257
256 410 411
256 411 431
260 256 431
261 257 414
262 261 414
261 262 264
269 266 267
269 267 258
273 258 272
272 259 301
427 259 424
301 259 277
259 427 277
279 280 183
171 281 431
284 171 432
286 263 285
285 173 286
265 285 263
451 261 286
179 287 178
289 5 7
288 290 179
324 478 292
294 324 266
296 266 269
298 297 295
420 457 297
268 269 258
299 296 268
271 297 298
300 273 301
275 274 271
304 301 277
306 276 277
468 305 278
187 185 308
308 309 187
308 185 310
181 310 185
309 447 282
311 308 312
313 308 310
1622 172 173
190 188 172
312 314 311
176 288 179
177 287 316
316 287 317
195 180 321
322 288 318
290 288 320
320 288 322
180 291 319
317 290 320
321 324 345
324 321 478
326 294 293
521 294 326
298 295 325
326 293 490
327 304 303
305 468 307
329 328 307
330 198 197
198 331 197
181 331 332
334 331 333
335 330 197
181 332 310
335 336 337
336 338 337
340 194 316
341 8 193
8 342 9
195 193 191
345 195 321
521 345 294
330 204 198
198 204 203
347 203 204
333 198 203
333 203 347
205 330 335
348 525 347
206 335 218
335 337 218
351 210 350
351 353 210
357 358 215
356 527 348
213 206 218
361 367 363
362 357 363
360 358 357
375 362 363
146 350 367
367 350 1882
364 219 367
219 364 365
217 218 350
350 218 349
350 349 354
350 354 352
367 1882 363
1882 352 354
369 363 370
369 370 371
215 358 223
214 359 356
224 223 358
372 225 381
376 358 360
227 377 361
373 360 357
373 362 375
374 376 373
374 539 376
373 375 379
1900 231 365
377 364 367
382 379 384
239 238 237
385 384 380
385 380 378
382 384 385
382 385 386
390 389 388
395 391 394
398 393 397
392 391 249
398 244 393
392 249 254
242 390 387
401 242 250
401 396 390
254 394 392
255 250 1761
1933 404 255
407 408 409
407 410 256
411 410 412
414 416 413
415 411 412
416 414 415
413 416 417
419 267 437
420 422 418
419 579 423
439 418 422
259 419 424
427 424 428
260 429 256
445 430 260
434 433 429
433 435 406
413 417 262
265 263 417
417 567 265
438 437 292
418 456 454
418 457 420
426 425 440
426 422 425
441 426 444
427 442 443
442 427 428
446 442 445
446 443 442
442 430 445
434 430 442
431 281 283
447 311 446
446 450 449
449 443 446
434 429 430
452 593 450
452 450 314
292 478 453
478 480 453
295 457 483
454 483 457
454 455 483
454 456 455
492 458 489
271 458 461
300 460 273
462 460 300
461 459 602
462 600 460
464 275 461
466 275 464
466 467 275
447 446 282
471 443 448
315 314 2006
314 315 473
476 319 291
321 319 478
484 320 479
480 319 516
482 480 516
482 516 618
483 455 484
522 488 485
522 481 488
487 325 323
323 485 487
485 323 522
488 455 456
298 487 489
490 491 326
491 486 326
460 490 299
493 460 600
496 300 494
496 494 495
307 495 329
498 497 466
329 495 494
499 307 468
334 499 332
307 499 500
495 307 500
470 467 497
502 310 499
502 499 471
502 471 503
506 315 313
507 472 315
507 315 506
507 471 472
509 475 504
509 474 475
513 316 317
342 476 9
476 10 11
515 512 511
511 340 513
318 511 512
518 318 512
319 476 516
515 513 477
519 518 514
520 318 518
344 346 534
534 346 523
523 618 619
524 611 523
326 486 521
500 526 495
501 497 498
527 525 348
334 310 502
528 500 503
529 507 506
530 507 529
349 337 353
531 353 1866
353 337 510
10 341 355
355 12 10
518 512 514
344 534 355
359 535 527
536 527 535
529 527 536
529 536 537
368 371 2069
371 370 532
532 531 538
535 359 225
535 372 540
536 535 540
636 372 545
541 382 544
545 381 539
374 379 541
544 382 546
547 383 398
399 400 552
552 400 550
646 383 551
401 548 396
554 548 401
554 401 403
553 554 403
548 397 396
554 553 555
2128 552 2126
404 553 403
2127 646 556
553 556 647
559 409 408
409 559 560
412 407 409
660 412 560
415 412 660
561 562 557
563 561 415
561 566 562
565 561 564
416 557 567
557 558 568
557 568 567
567 568 662
570 422 426
571 421 423
583 423 569
428 424 571
573 559 572
572 408 435
564 561 563
574 576 435
575 563 566
577 564 575
577 575 664
579 438 578
580 456 439
583 569 584
601 584 569
582 439 570
583 571 423
586 583 585
571 583 588
587 589 570
442 428 588
591 434 588
673 587 590
436 434 449
448 449 434
448 434 592
593 436 450
593 574 436
594 574 593
594 593 452
576 574 594
452 595 594
438 453 578
599 598 492
599 580 598
601 613 600
462 604 600
605 459 581
471 592 472
590 469 504
608 590 504
469 590 441
675 608 610
486 612 524
488 456 599
485 488 599
612 597 596
613 597 612
606 604 463
465 603 615
509 504 505
617 509 505
517 618 516
620 498 616
496 495 526
621 498 620
496 688 614
528 526 500
625 617 622
622 697 625
623 508 617
623 626 627
2216 623 627
619 517 533
534 619 533
688 526 628
696 688 628
537 528 632
629 528 536
631 632 695
695 632 628
634 631 695
530 632 528
634 633 631
633 635 624
632 530 635
639 540 372
636 539 542
636 638 372
639 629 540
630 629 639
543 640 637
641 642 544
543 642 640
641 643 642
646 551 645
556 646 647
648 548 555
553 648 555
553 647 649
568 652 654
654 652 732
560 559 656
657 658 656
566 660 727
661 653 566
566 727 661
727 653 661
568 654 655
657 559 573
572 663 573
566 565 575
575 665 664
575 565 665
666 667 576
595 666 594
677 675 610
609 672 595
595 672 676
582 589 607
672 591 668
675 673 608
751 672 668
678 675 677
616 615 607
616 607 682
607 670 684
682 607 684
683 681 614
688 683 614
620 616 682
2216 627 689
689 690 626
626 697 692
689 692 691
693 690 689
691 686 685
691 692 693
687 686 691
694 621 620
696 699 688
697 682 781
688 699 683
787 696 698
622 694 697
698 696 632
701 698 632
634 635 633
702 690 703
701 635 707
695 706 707
640 712 637
712 710 637
801 707 706
707 801 802
712 640 708
644 709 638
713 709 710
709 711 705
711 709 713
637 710 644
713 710 712
714 643 715
714 708 643
718 708 2256
715 716 714
712 708 718
721 2278 716
717 715 722
724 722 2275
721 716 717
647 645 649
649 648 553
650 725 728
729 728 725
730 725 726
651 733 653
733 652 653
652 733 732
734 736 735
659 658 726
726 725 659
660 659 727
737 730 726
738 730 737
740 824 741
663 742 737
663 737 658
576 742 663
742 738 737
667 756 844
749 837 746
839 741 824
755 750 749
676 756 595
752 756 676
757 754 758
754 757 849
759 758 754
760 745 744
671 761 747
760 744 761
747 741 751
762 748 746
672 751 676
764 674 673
748 755 749
678 758 766
766 758 759
766 759 767
683 768 681
761 669 768
769 770 761
684 670 771
774 764 773
773 765 763
774 763 775
686 766 680
776 764 686
776 773 764
778 765 773
682 684 781
768 772 769
781 684 771
781 771 864
864 771 775
865 772 780
783 776 687
783 785 776
779 777 785
2558 784 687
785 786 779
780 683 699
787 788 790
787 789 696
788 780 699
788 699 790
790 792 782
790 789 791
794 793 792
796 698 701
796 788 698
781 785 783
796 782 788
795 782 792
784 700 783
801 706 711
790 799 787
800 790 796
790 800 799
799 791 789
881 797 798
803 799 802
802 800 796
804 801 711
720 809 712
716 719 807
720 712 718
719 720 718
807 719 718
889 806 804
809 889 804
810 889 809
811 724 2608
812 808 721
724 811 814
724 813 812
814 813 724
731 815 728
816 728 815
730 731 729
733 816 817
818 817 899
735 736 819
823 825 834
824 834 825
824 825 826
895 731 730
895 730 739
895 739 828
821 822 831
832 821 831
906 833 905
835 905 833
749 838 837
837 838 836
840 839 824
824 826 840
843 829 842
842 828 743
829 828 842
844 840 845
830 832 846
831 834 745
846 745 847
846 831 745
750 838 749
750 928 838
750 841 928
754 849 750
841 750 849
852 841 849
760 847 745
854 746 848
853 847 760
762 746 854
938 762 854
855 755 748
856 855 765
858 851 850
858 850 857
770 853 761
861 762 938
763 762 861
782 866 865
770 772 860
860 772 865
864 775 861
941 864 861
867 863 866
785 864 868
786 785 868
868 864 941
794 792 791
793 871 792
872 794 791
872 791 871
793 874 873
793 794 874
870 874 794
872 950 883
876 795 877
878 883 950
879 880 870
795 871 791
881 794 872
881 872 795
884 797 805
806 885 805
888 885 806
887 886 885
885 886 884
886 887 888
888 955 886
891 888 889
960 888 890
891 889 810
892 891 810
813 892 810
2792 813 814
2792 892 813
2792 893 892
895 897 731
897 895 916
899 816 896
896 897 899
989 971 902
901 902 822
905 907 903
908 907 905
909 907 908
910 977 909
825 911 912
981 912 913
826 825 912
912 915 914
827 917 916
900 818 899
900 970 919
2617 818 920
2800 920 818
921 901 922
990 925 903
922 821 830
925 906 903
924 906 925
908 838 910
927 910 838
927 979 910
928 927 838
929 927 928
914 915 999
917 827 829
826 914 930
930 914 1001
840 930 845
845 843 842
932 931 843
934 830 846
933 833 924
933 848 833
992 934 935
926 936 933
841 929 928
845 930 1001
1019 929 937
1022 2808 845
847 935 846
854 848 1012
938 854 1012
848 933 1012
939 938 1012
939 1012 1029
940 858 857
853 859 935
863 859 860
941 939 944
863 1034 859
939 1029 944
943 856 946
947 940 943
947 943 944
868 941 946
941 944 946
867 942 863
866 948 867
868 946 869
869 946 945
949 867 948
873 874 951
875 951 874
950 951 953
878 950 953
953 949 948
958 1053 954
955 956 957
955 882 880
955 958 882
958 955 1057
960 956 888
956 955 888
1058 959 960
893 962 892
1058 890 964
961 1058 964
964 890 962
893 1061 1065
966 904 965
970 967 969
971 1083 972
904 971 972
973 903 907
1089 975 977
978 966 1096
978 911 894
898 918 967
918 968 967
987 968 918
900 967 970
917 985 918
985 984 1099
1099 987 985
2800 919 1075
970 1075 919
988 2800 1075
1103 988 1075
1106 989 921
1106 921 1008
990 903 973
991 990 1113
1115 991 1113
1115 1094 996
976 977 993
976 996 1094
995 1096 1117
1013 995 1117
997 979 927
997 993 979
1015 998 995
999 1000 1015
1001 914 999
1003 986 1024
1004 1002 1003
1098 984 985
1003 1098 985
932 986 931
986 985 931
932 1005 986
1008 921 1009
923 1009 921
923 1010 1009
934 1010 923
992 1010 934
935 1011 992
1011 994 992
1013 1117 994
1016 1015 1013
997 927 1017
1017 927 929
1014 997 1017
1019 1017 929
1017 1019 1023
1020 1001 1015
1022 1001 1020
1026 1022 1025
1026 1024 1005
1016 1013 1011
1012 1014 1029
1028 1018 1016
1014 1017 1023
1023 2818 1030
1029 1023 944
942 1035 1031
1028 1031 1018
1036 1031 1035
947 944 1032
1047 3025 1038
1041 1142 1043
1045 1044 1143
1045 1143 1036
1149 1046 1049
1149 1045 1046
953 1046 949
1047 1046 1045
1045 1036 1047
1036 1143 1037
1047 1036 1039
1051 1050 2920
1166 1160 1052
1048 1046 1053
1183 1057 957
1059 959 1058
961 1059 1058
1063 961 964
1064 1063 964
1065 1189 964
1061 1066 1065
13 3 14
14 3 1067
1069 1071 1068
1073 3 1072
1080 1069 1078
1101 970 969
1076 15 1067
1067 1073 1076
3190 1073 1082
3193 1081 1078
1085 1087 972
974 1088 1110
965 1087 1091
1089 974 975
1092 1090 1089
1091 1074 965
1092 1089 976
1093 1096 1074
1097 1093 1095
1099 969 987
1075 1100 1103
1125 988 1103
1104 1076 1084
1105 1084 1106
1106 1084 1083
1108 1112 1107
1113 1112 1108
1113 3203 1114
1115 1113 1114
1116 1129 1010
1129 1116 3207
1097 1010 992
1097 992 994
995 983 980
1118 995 998
1121 1119 1120
1098 1119 1102
1102 1119 1121
1125 1122 1124
1123 1124 1122
1125 1100 1122
1127 1105 1007
1126 1109 1105
1007 1105 1008
1128 1127 1007
1007 1008 1009
1128 1007 1009
1129 1128 1009
1120 1002 1021
3208 1021 1130
1004 1133 1021
1004 1132 1133
1006 1123 3210
2995 1006 1134
1135 1133 1132
1137 1132 1027
1137 1135 1132
1139 1136 1137
1136 3217 1137
3217 3218 1135
1139 1037 1140
1151 3227 1139
3227 1136 1139
1141 3227 1151
1142 1042 1144
1142 1144 1143
1144 1041 1043
1041 1145 1042
1144 1146 1041
1144 1147 1148
1144 1145 1147
1143 1044 1142
1045 1043 1044
1045 1149 1043
1037 1143 1150
1149 1049 1148
1149 1147 1150
1155 1154 1156
1155 1148 1154
1048 1156 1154
1159 1157 1158
1158 1157 3244
1162 1157 1171
1165 1162 1163
1168 1161 1164
1168 1164 3247
1169 1048 1054
1169 1156 1048
1169 1158 1156
1169 1159 1158
1055 1056 1169
1171 1163 1162
1169 1056 1171
1056 1055 1173
1173 1163 1172
1165 1163 1174
1057 1176 3249
1054 1057 3249
1177 1170 1055
1054 3249 1177
1180 1173 1170
1180 1170 1177
1180 1175 1174
1178 1180 3252
957 1182 1183
1181 1182 959
1185 1181 1059
3258 1062 1186
961 1187 1059
3260 3261 1189
3260 1066 1062
3260 1189 1066
1062 1066 1061
1064 1188 1063
1189 3261 1064
1190 1216 1207
27 1194 1193
28 1216 27
27 1216 1194
1193 1196 1197
1193 1194 1196
1194 1190 1199
1190 1208 1199
1202 1193 1
1202 1203 27
1 1193 1197
1198 1197 1196
1205 1202 1204
1205 1200 1197
1205 1196 1200
1196 1203 1198
1205 1201 1196
1205 1227 1201
1197 1224 1204
1233 1210 33
1210 1233 1232
1206 1210 1232
1209 1207 32
32 33 1210
1213 1206 1214
20 1215 1216
36 32 1207
1208 1207 1209
1248 1238 1247
1248 1247 1221
1208 1209 1211
1242 1249 1211
1248 1211 1249
1225 1192 1218
1219 1192 1191
1225 1219 1191
1192 1219 1213
1215 20 28
1195 1215 28
1220 1195 1203
1199 1208 1217
1197 1200 1224
1224 1200 1199
1259 1199 1248
1199 1259 1224
1220 1226 41
57 41 1226
1228 1196 1201
1196 1220 1203
1228 1220 1196
1227 1228 1201
1229 1227 1230
1230 1227 1224
1231 33 63
1232 1233 1235
1236 63 1237
1239 1231 1236
1238 1243 1239
1242 1243 1249
1243 1233 1239
1243 1235 1233
1214 1206 1281
1206 1232 1234
1281 1206 1234
1248 1249 1238
1238 1236 1247
1245 1212 1240
1286 1243 1242
1250 1251 1242
1251 1286 1242
1218 1213 1214
1219 1250 1242
1252 1214 1253
1289 1241 1245
1252 1253 1254
1255 1254 1296
1257 40 55
1221 81 78
1221 78 1309
1223 1258 1270
1261 1221 1309
1260 89 1258
1259 1261 1264
1273 1259 1264
1266 1263 1265
1255 1252 1254
1274 1255 1269
1270 1258 1257
94 58 1226
1230 1259 1273
1267 1265 1252
1276 1265 1267
1276 1266 1265
1275 94 1226
1279 1278 1276
1280 1276 1267
1281 1282 1345
1281 1283 1284
1212 1241 1288
1246 1287 1293
1287 1281 1284
1294 1292 1288
1296 1298 1297
1298 1348 1297
1297 1348 1380
1285 1386 1301
1355 1353 1301
1386 1355 1301
1251 1261 1286
1393 1261 1311
1261 1393 1291
1240 1244 1303
1303 1244 1302
1303 1306 1245
1307 1256 1253
1300 1256 1307
1253 1246 1305
1399 1246 1295
1308 1297 1401
1307 1308 1401
1401 1300 1307
1311 1261 1309
1312 1323 89
1323 1312 1314
1264 1261 1251
1263 1264 1251
1262 1313 1312
1262 1329 1315
1264 1320 1328
1314 1312 1313
1304 1305 1317
1318 1320 1264
1332 1316 1319
1306 1303 1302
1274 1269 1304
1268 1304 1269
1308 1307 1268
85 91 1322
1270 1321 1326
1326 1329 1270
1328 1325 1271
1274 1317 1330
1319 1316 1327
1330 1317 1332
1326 1321 1322
1275 1324 94
1334 1277 1278
1280 1334 1279
1327 1266 1334
1337 1462 1338
1337 1338 1343
1335 1337 1336
1342 1336 1337
1342 1337 1343
1336 1342 1341
1346 1290 1499
1287 1284 1347
1348 1347 1505
1505 1350 1349
1350 1351 1384
1357 1350 1352
1350 1357 1351
1355 1340 1353
1357 1340 1355
1358 1354 1356
1356 1486 1485
1360 1341 1361
1363 1358 1485
1364 1341 1344
1363 1515 1362
1364 1344 1539
1365 1367 1366
1367 1365 1368
1372 1291 1393
1291 1372 1370
1396 1369 1373
1299 1295 1293
1371 1373 1369
1376 1295 1299
1374 1295 1376
1375 1376 1299
1377 1294 1400
1380 1378 1297
1405 1380 1379
1378 1380 1405
1382 1405 1381
1405 1379 1406
1381 1379 1383
1381 1383 1382
1384 1379 1380
1285 1360 1386
87 88 1388
1388 111 108
1389 88 110
1391 1388 1389
1391 1390 1388
1392 111 1390
1519 1366 1389
1408 1391 1367
1408 1367 1543
1311 1411 1393
1302 1313 1395
1306 1395 1397
1395 1544 1397
1306 1397 1289
1374 1398 1399
1397 1294 1289
1400 1294 1397
1420 1401 1403
1420 1402 1401
1403 1405 1398
1420 1398 1404
1407 1405 1403
1407 1381 1405
1378 1407 1403
1406 1381 1407
116 1392 1310
120 111 1392
122 121 1409
1314 1410 1323
1410 1421 1323
1310 1408 1555
1314 1396 1410
1410 1412 1421
1411 1555 1394
1415 1395 1315
1414 1413 1318
1415 1315 1329
1417 1317 1305
1418 1305 1419
1305 1399 1419
1430 1402 1420
1404 1402 1416
1420 1416 1418
1324 1422 95
1423 1409 121
1435 126 1422
91 1421 1322
1576 1326 1322
1322 1421 1576
1328 1413 1325
1424 1325 1425
1333 1426 1319
1443 1333 1331
1331 1426 1427
1414 1318 1332
1417 1414 1332
1428 1427 1413
1425 1413 1426
1425 1426 1424
1428 1413 1414
1430 1418 1433
1430 1433 1432
1429 1427 1432
1429 1431 1428
1435 1422 1324
1325 1437 1275
1438 1439 1590
1447 1437 1441
1443 1440 1333
1443 1424 1440
1445 1446 1444
1449 1444 1446
1450 1603 1451
1464 1451 1603
1459 1460 1458
1453 1460 1459
1612 1460 1457
1457 1460 1455
1459 1458 1463
1464 1462 1458
1466 1461 1465
1468 1632 1633
1467 1469 1468
1338 1464 1470
1470 1472 1471
1470 1464 1472
1470 1471 1473
1471 1475 1644
1644 1474 1473
1476 1502 1477
1456 1453 1466
1340 1481 1466
1465 1340 1466
1482 1510 1509
1484 1486 1339
1487 1484 1488
1487 1485 1486
1487 1489 1482
1484 1490 1488
1490 1484 1515
1515 1488 1490
1342 1343 1470
1344 1342 1493
1470 1492 1493
1494 1642 1491
1663 1642 1494
1473 1492 1470
1495 1493 1492
1492 1474 1495
1495 1474 1645
1497 1498 1283
1498 1502 1283
1501 1499 1500
1506 1501 1500
1501 1346 1499
1522 1346 1503
1498 1504 1502
1673 1524 1522
1347 1284 1476
1476 1477 1505
1509 1507 1501
1510 1503 1507
1352 1508 1481
1511 1506 1526
1509 1510 1507
1513 1511 1512
1482 1509 1513
1514 1485 1487
1512 1482 1513
1512 1494 1515
1516 1512 1511
1517 1344 1493
1517 1495 1518
1680 1663 1494
1518 1495 1664
1365 1366 1686
1687 1686 1519
1372 1365 1520
1372 1520 1370
1522 1290 1346
1370 1520 1497
1522 1373 1371
1373 1524 1523
1522 1524 1373
1528 1531 1526
1532 1359 1533
1532 1530 1359
1534 1532 1533
1364 1387 1361
1537 1533 1535
1539 1535 1364
1538 1535 1517
1540 1538 1518
1692 1680 1516
1519 110 1542
1542 142 1541
1519 1542 1687
1368 1372 1394
1368 1543 1367
1368 1394 1543
1543 1394 1555
1544 1412 1373
1544 1373 1397
1399 1398 1419
1406 1382 1383
1407 1547 1525
1378 1547 1407
1398 1405 1406
1547 1406 1525
1545 1406 1547
1377 1546 1528
1527 1547 1378
1551 1549 1565
1549 1530 1532
1537 1534 1533
1721 1537 1536
1555 1408 1543
1409 1553 122
1409 1556 1553
1576 1412 1544
1557 1556 1409
1558 1557 1559
1415 1544 1395
1415 1576 1544
1419 1433 1418
1419 1580 1433
1560 1580 1419
1565 1564 1551
1562 1564 1565
1566 1552 1567
1571 164 1572
1569 127 1570
1577 1569 1568
1557 1569 1577
1593 1424 1429
1434 1593 1429
1577 1579 1557
1559 1557 1579
1579 1577 1578
1434 1580 1582
1587 1434 1581
1579 1726 1559
1583 1579 1578
1587 1581 1585
1585 1586 1561
1581 1582 1586
1582 1580 1560
1584 1586 1582
1587 1561 1586
1587 1585 1562
1568 1570 1588
162 1588 1570
166 165 1436
1588 162 167
235 1588 167
1588 235 245
167 234 235
1574 1588 1592
1442 1591 1590
1596 1594 1446
252 1588 245
1596 1595 1594
1597 1588 252
1449 1446 1590
1596 1446 1445
1596 1449 1591
1601 1598 1762
1450 1601 1600
1599 1598 1601
1776 1602 1617
1604 1600 1777
1607 1624 1610
1455 1608 1611
1613 1612 1611
1599 1614 1598
1450 1614 1599
1616 1770 1797
1616 1797 1615
1619 1617 1602
1616 1602 1770
1619 1602 1616
1464 1603 1604
1620 1617 1619
1618 1620 1619
1646 1621 1604
1455 1454 1624
1626 1625 1623
1455 1624 1608
1625 1624 1454
1610 1624 1625
1623 1625 1456
1455 1611 1457
1634 1629 1631
1630 1631 1629
1632 1634 1633
1808 1636 1637
1636 1632 1468
1637 1615 1467
1616 1636 1468
1615 1636 1616
1639 1638 1615
1640 1618 1468
1662 1641 1638
1469 1640 1468
1640 1798 1620
1640 1620 1618
1643 1798 1640
1799 1798 1643
1644 1475 1621
1644 1645 1474
1648 1621 1646
1644 1647 1645
1644 1648 1647
1650 1646 1800
128 1652 1651
1656 1628 1657
1623 1456 1479
1479 1456 1480
1658 1479 1478
1623 1658 1626
1481 1480 1483
1658 1809 1627
1482 1659 1510
1661 1482 1489
1661 1659 1482
1661 1662 1639
1491 1641 1489
1641 1662 1489
1662 1661 1489
1663 1643 1642
1491 1642 1641
1495 1645 1664
1815 1643 1663
1651 130 128
1651 1652 1653
1685 1666 1652
1668 1654 1667
1667 1654 1847
1496 1669 1850
1498 1520 1670
1670 1520 1496
1504 1498 1670
1504 1670 1671
1657 1670 1672
1675 1504 1671
1674 1676 1678
1673 1503 1510
1677 1658 1478
1676 1674 1673
1478 1675 1677
1510 1659 1679
1679 1676 1673
1680 1681 1663
1665 1518 1664
1681 1815 1663
1681 1682 1815
1684 1685 209
1687 1668 1686
1683 1668 1703
1521 1686 1667
1669 1521 1667
1496 1521 1669
1689 1524 1674
1689 1674 1678
1690 1689 1678
1691 1531 1529
1691 1516 1511
1691 1715 1693
1697 1680 1692
1694 1538 1540
1695 1692 1693
1696 1694 1540
1540 1518 1665
1541 1701 1700
1703 1701 1541
1698 1688 1684
1704 1700 1701
1705 1703 1704
1706 1524 1689
1546 1706 1528
1707 1545 1548
1706 1690 1709
1713 1707 1548
1707 1713 1708
1708 1713 1888
1714 1551 1711
1715 1529 1712
1716 1713 1551
1720 1717 1719
1719 1717 1716
1552 1534 1721
1567 1721 1722
1722 1721 1694
1878 1722 1694
1736 1722 1878
1878 1694 1696
1893 1736 1878
1572 164 1723
230 1698 1699
1542 1700 1704
1558 1723 1725
1556 1725 1553
1558 1725 1556
1745 1558 1559
1728 1726 1727
1729 1727 1907
1728 1727 1729
1726 1731 1727
1710 1732 1731
1564 1563 1711
1565 1711 1562
1550 1714 1565
1567 1720 1566
1734 1722 1736
1734 1720 1567
1734 1735 1720
247 1737 236
237 236 239
1589 1573 1575
1575 246 1589
1741 1742 1737
1575 1743 246
239 1737 1742
1744 239 1742
1554 1558 1575
1745 1743 1575
1745 1917 1743
1578 1592 1583
1751 1746 1583
1728 1745 1559
1747 1583 1746
1584 1560 1730
1579 1747 1731
1747 1579 1583
1748 1730 1733
1748 1755 1754
1562 1563 1587
1589 246 235
245 235 249
1749 249 246
247 248 1738
248 398 1739
1751 1592 1597
1751 1597 1935
1591 1752 1760
1753 1751 1935
1434 1754 1593
1584 1754 1434
1755 1752 1754
252 253 1597
1750 1597 253
402 1749 1750
253 402 1750
1757 1759 1936
1759 1757 1758
1760 1758 1596
1760 1759 1758
255 1595 1757
255 1761 1595
1762 1940 1763
1940 1942 1763
1598 1767 1771
1769 1771 1768
1796 1768 1767
1762 1598 1771
1773 1770 1772
1772 1602 1775
1778 1774 1776
1781 1604 1780
1606 1605 1782
1606 1783 1605
1961 1782 1783
1607 1785 1787
1789 1785 1607
1785 1786 1787
1608 1624 1787
1624 1607 1787
1968 1790 1792
1793 1795 1611
1793 1764 1795
1792 1609 1968
1796 1613 1795
1765 1795 1764
1796 1765 1766
1794 1977 1971
1954 1797 1770
1798 1778 1776
1800 1646 1781
1801 1778 1799
1622 285 1804
1627 1788 1626
1627 1806 1791
1806 1793 1791
1631 1630 1808
1808 1635 1631
1809 1806 1627
1810 1797 1794
1810 1812 1813
1814 1615 1797
1639 1615 1814
1647 1649 1816
1978 1801 1799
1815 2003 1978
1650 1816 1649
1650 1817 1816
1803 1817 1650
1622 1804 1986
190 1986 1843
2005 1843 1986
1822 1990 1820
1822 1820 1821
1823 1655 1820
1825 1823 1993
1671 1657 1628
1828 1628 1830
1628 1805 1830
1829 1831 1827
1829 1827 2018
1833 1828 1832
1828 1830 1832
1832 1836 1811
1811 1809 1837
1837 1660 1863
1839 1811 1837
1839 1837 1863
1838 1814 1810
1661 1862 1659
1862 1814 1838
1862 1838 1840
1682 2003 1815
1846 1654 1845
2009 1819 1848
1848 2008 2009
1846 1819 2033
1850 1851 1821
1850 1821 1849
1852 1846 2033
1852 2032 1851
1853 1496 1849
1849 1655 1657
1849 1657 1672
1853 1849 1854
1678 1676 1858
1835 1677 1675
1675 1834 1835
1858 1859 1678
1860 1859 1858
1861 1860 1858
1864 1676 1862
1864 1865 1858
1877 2046 1682
1665 1818 1879
1841 1842 1868
210 353 510
1842 1685 1869
1872 1842 1870
1867 1871 1869
1853 1854 1874
1874 1855 1853
1873 2059 1874
1690 1678 2063
1876 1695 1894
1697 1695 1877
2046 1876 1880
350 352 366
366 352 1702
365 364 1883
1882 1702 352
1884 1702 1883
1884 1883 2069
1873 1874 2057
2079 1907 2078
1885 1732 1709
1885 1709 1875
1886 1712 1709
1886 1709 1710
1715 1712 1887
1887 1886 2084
1718 1716 1717
1910 1716 1718
1693 1715 1890
1695 1891 1894
1894 1891 1895
1896 1892 1893
1896 1893 1878
1898 378 1900
1899 1897 1902
1918 1904 1913
1903 1897 1901
1904 2080 1905
1904 1917 1728
1906 1904 1728
1907 2080 1729
1906 2080 1904
1906 1729 2080
1885 1907 1732
1885 2078 1907
1747 1909 1710
1710 1909 1886
1708 2101 1733
1888 2101 1708
1910 1888 1716
1735 1889 1718
1892 1911 1889
1736 1735 1734
1736 1892 1735
1739 386 239
386 385 239
546 382 386
1915 1926 1925
1913 1901 1899
1914 1913 1925
1925 1913 1902
1915 1925 1902
1916 1743 1917
1919 1913 1914
1916 1918 1919
1917 1745 1728
1917 1918 1916
1917 1904 1918
1908 1909 1747
1908 1921 1922
399 1924 400
400 1924 1925
1914 1924 1923
1920 1927 2128
1743 1916 1929
1935 1929 1930
1930 1916 1919
1914 1927 1919
1927 1920 1919
1752 1937 1760
1752 1932 1937
1930 1919 1921
1755 1931 1752
255 1756 1933
405 1923 399
1927 405 2128
1934 1756 1936
1934 1933 1756
1937 1936 1759
1940 1769 1939
1941 1939 2135
1942 1940 1941
1944 1942 1941
1763 1942 1946
1943 1772 1775
1947 1943 1775
1945 1947 1775
1946 1942 1944
1777 1763 1948
1951 1765 1764
1951 1764 1952
1765 1951 1955
1954 1953 1971
1954 1770 1773
1956 1938 1768
1768 1766 1956
2148 1954 1773
1772 1957 1773
1780 1777 1948
1801 1958 1778
1959 1958 1801
1961 3177 1962
3177 1784 1962
1784 1960 1962
1981 1960 1961
1962 1981 1961
2154 1962 1960
265 2156 1984
265 567 2156
2164 1963 1989
2168 1964 2164
1787 1969 1968
1969 1787 1790
1968 1969 1790
1966 1967 1970
1970 1967 2171
1972 1764 1793
1954 1977 1797
1979 1801 1978
1781 1950 1980
1979 1959 1801
1980 1960 1981
1987 1989 1990
1987 1988 1989
1992 2012 1991
2159 2158 1989
1993 1990 1989
1993 1989 1963
2012 1994 1991
1993 1963 1964
1996 1994 1995
1965 1994 1996
2000 1997 1998
1997 1966 1999
2000 1999 1970
1794 1973 1812
1807 2188 1793
2188 1976 1972
1813 1812 2002
2004 1818 1982
1986 1987 2008
1986 1985 1987
1987 1985 1988
2010 2183 2011
1987 1990 2009
2014 2012 1992
2014 1992 2010
2015 1995 2012
1995 2017 1996
2018 1824 2016
2018 1827 2017
2018 2016 2036
1825 1997 2019
2017 2170 1996
1836 1830 2019
1836 2019 2020
2019 1997 2000
2019 2000 2001
2021 2191 2017
1811 1839 1832
1838 1813 2022
2022 2002 2024
2026 2005 1842
2027 474 508
2027 2007 474
2029 2014 2007
2032 1821 1851
1819 1822 2033
2033 1822 2032
2013 2015 2012
2013 2030 2034
2013 2016 2015
2016 2035 2036
2037 2038 2035
2040 1829 1857
1857 2039 2040
2041 1831 2040
2039 1829 2038
2040 2039 2041
2039 2038 2043
2039 2043 2041
1860 2044 1859
1858 1865 2045
2023 1865 1840
2045 1865 2024
1879 1818 2025
1881 1879 2025
2068 1881 2025
1842 210 510
2026 1842 510
1868 2047 531
1869 1871 1872
1868 1872 1871
2053 2050 2219
2049 2054 2052
1874 1856 1855
1854 1856 2057
2037 2034 2226
2062 2061 2063
2044 2063 1859
2044 1860 1861
2064 2044 1861
2065 2063 2064
2064 1861 2045
1896 1878 1881
2067 1880 2085
2070 1884 2069
2073 2048 1867
2048 1871 1867
2074 2050 2073
2086 2074 2073
2050 2053 2048
2074 2092 2075
2096 1903 2076
2055 2049 2074
2079 2096 2076
2055 2074 2077
2074 2075 2077
2078 1873 2058
1873 2078 2059
2080 2079 2076
2079 2058 2060
2079 2062 2082
2078 2061 2059
2061 2060 2059
2082 2062 2081
2065 2229 2063
2251 1890 2108
1891 2251 1895
1896 2112 1892
1896 2068 2112
2087 1884 2070
2113 2088 546
2088 2089 546
2087 2070 2071
2087 2071 2072
641 546 2089
2092 2087 2072
1903 2096 1915
2096 2091 1915
2115 2091 2096
2093 2092 2088
2095 2088 2072
2095 2072 2094
2075 2092 2094
2094 2092 2093
2076 1905 2080
2120 2100 2083
2083 2097 2082
1886 1909 2084
1888 2104 2101
2084 1922 2105
1922 2265 2105
1887 2105 1890
1890 2105 2272
1890 2272 2108
1911 1910 1889
1911 2109 1910
549 386 1912
549 1912 383
2114 2113 549
546 641 544
2098 2116 2114
2099 2098 2282
2121 2117 2118
2121 2118 2287
2123 2121 2287
2121 2124 2122
2129 1920 2128
1928 1934 1936
2115 1926 2091
2126 2115 2128
2128 2115 2129
2130 1934 1928
2127 2114 549
2131 2130 1928
2131 2114 2130
2118 2117 2287
2287 2117 2119
2133 2132 1931
556 404 1934
1944 1941 2137
2141 1957 1947
2140 1946 1944
2141 1947 2139
1950 1946 2140
2145 2299 2303
2148 1953 1954
1766 1955 2147
2148 2149 1953
2150 2148 1773
1956 2147 2151
1959 2152 1949
1949 2152 2139
2316 2139 2152
2154 1950 2142
1950 2140 2142
2154 2142 2143
2175 2154 2155
2155 2154 2143
1985 2156 2144
2157 577 664
2144 2160 2159
2163 1989 2158
2324 1991 2165
2167 2165 1991
2164 2163 2168
2168 2163 2299
2167 2166 2165
2169 2166 2167
2326 2166 2169
2168 2145 1967
2299 2145 2168
2171 1967 2173
2171 2173 2172
1976 2172 2174
1981 2154 2175
1979 2176 1959
2177 2176 1978
2176 2153 2152
1817 2178 1982
1983 1980 2175
2180 2334 2178
2180 1983 2179
2179 2175 2181
1991 2161 2183
2011 2183 2161
1991 2183 1992
1996 2170 1965
1970 2171 2172
2185 1970 2172
2185 2188 2020
2188 2185 2172
2187 2186 1975
1976 2188 2172
2338 2187 1975
2189 1978 2003
2011 2182 474
474 2182 475
2182 610 475
2007 2011 474
2191 2170 2017
2191 2193 2170
2193 2184 2170
2208 2192 2207
2002 2186 2195
2194 2184 2193
2194 2338 2186
2186 2338 2195
1818 2004 2190
2197 2177 2189
2199 2007 2028
2367 2199 2200
2030 2029 2198
2198 2029 2007
2201 2030 2367
2034 2203 2204
2206 2374 2226
2226 2205 2038
2207 2205 2374
2208 2207 2374
2042 2043 2192
2024 2196 2212
2211 2024 2212
2068 2025 2213
2215 2028 2027
623 2216 2027
2220 2047 2048
2236 2047 2220
2215 2200 2199
2215 2221 2200
2221 2218 2200
2219 2051 2031
2223 2031 2052
2219 2031 2223
2224 2223 2052
2053 2219 2223
2224 2225 2223
2224 2052 2056
2226 2034 2204
2226 2204 2206
2230 2232 2229
2231 2230 2233
2234 2230 2065
2230 2234 2233
2393 2233 2211
2066 2068 2235
2236 531 2047
2236 2072 2071
2239 2253 2238
2072 2220 2075
2240 2238 2253
2239 2238 2241
2242 2239 2241
2222 2224 2077
2077 2224 2056
2077 2220 2222
2081 2227 2240
2227 2238 2240
2229 2227 2081
2245 2082 2081
2228 2227 2229
2246 2228 2229
2083 2247 2103
2245 2230 2247
2245 2231 2232
2103 2250 2249
2251 2108 2408
2085 2251 2408
2409 2110 2112
2409 2112 2066
2252 2237 2276
2254 2253 2255
2239 2255 2253
2412 2255 2239
2257 2239 2242
2257 2242 2243
2248 2081 2259
2259 2264 2248
2264 2259 2434
2263 2265 2103
2267 2263 2270
2263 2249 2270
2249 2250 2270
2270 2248 2268
2268 2267 2270
2106 2271 2104
2271 2289 2104
2271 2106 2423
2109 2273 1910
641 2090 2274
2278 2276 2254
2414 2252 2276
2280 2276 2277
2258 2252 2279
2279 2252 2280
2280 2252 2257
2260 2283 2116
2290 2285 2282
2262 2099 2260
2260 2099 2285
2122 2123 2119
2123 2287 2119
2288 2290 2133
2124 2123 2267
2123 2122 2263
2263 2267 2123
2288 2286 2290
2288 2133 2125
2289 2288 2125
2278 2279 2277
2440 2439 2274
2132 2290 2131
2291 2151 2292
2136 2151 2291
2443 2291 2460
2292 2460 2291
2293 2137 2136
2136 2291 2293
2138 2315 2150
2443 2293 2291
2139 2462 2141
2141 2462 2138
2294 2137 2293
2298 2162 2449
2162 2298 2300
2303 2304 2305
2302 2299 2301
2303 2301 2304
2303 2305 2306
2306 2307 2308
2307 2306 2309
2305 2450 2309
1951 1952 2146
2310 2454 1952
2146 1952 2454
2454 2310 2307
2147 2146 2313
2313 2146 2312
2147 2313 2151
2148 2490 2149
2314 2292 2151
2151 2313 2314
2460 2292 2314
2138 2462 2315
2470 2316 2153
2143 2294 2317
2155 2143 2317
2318 665 564
664 665 2319
2160 2320 2296
2324 2322 2161
2322 2336 2161
2324 2321 2322
2322 2474 2336
2159 2160 2296
2158 2159 2296
2166 2323 2165
2476 2324 2323
2326 2323 2166
2302 2301 2303
2481 2326 2327
2303 2306 2173
2173 2328 2172
2173 2306 2308
2308 2328 2173
2337 2327 2169
2310 1952 1976
2174 2310 1976
2174 2328 2310
2330 2311 2490
2180 2179 2181
2335 2334 2180
677 757 678
2488 2327 2337
2340 2337 2187
2194 2340 2187
2341 2339 2340
2338 2330 2342
2334 2333 2344
2347 2348 2346
2347 2346 2349
2525 2346 2348
2351 2352 2353
2208 2378 2357
2355 2208 2356
2341 2193 2355
2360 2383 2359
2357 2356 2208
2359 2195 2342
2534 2190 2344
2362 2177 2197
2363 685 2364
2521 2345 679
2200 2365 2366
2367 2200 2366
2365 2345 2366
2366 2345 2522
2522 2540 2366
2347 2349 2202
2367 2541 2369
2367 2366 2541
2366 2540 2541
2368 2370 2348
2201 2373 2202
2203 2351 2371
2373 2368 2202
2372 2373 2201
2371 2353 2354
2204 2371 2206
2371 2374 2206
2376 2375 2377
2208 2374 2378
2393 2210 2383
2384 2383 2360
2393 2383 2384
2212 2383 2210
2385 2190 2534
2572 2362 2197
2214 2572 2197
2216 2386 2217
2365 2386 2363
2216 691 2386
2387 693 702
2218 2365 2200
2388 2217 2218
2388 2218 2389
2388 2390 2221
2389 2221 2390
2389 2390 2557
2387 2389 2557
2367 2369 2201
2372 2201 2369
2577 2401 2228
2380 2376 2392
2395 2394 2393
2393 2384 2382
2393 2382 2395
2394 2395 2406
2211 2210 2393
2067 2085 2411
2556 2396 2385
702 703 2398
2398 2391 2387
2243 2399 2400
2574 2400 2402
2238 2401 2241
2401 2577 2402
2574 2402 2403
2404 2406 2577
2246 2404 2244
2406 2404 2246
2394 2246 2232
2108 2424 2407
2410 2110 2409
2410 2409 2396
2252 2413 2412
2415 2243 2280
2417 2280 2243
2428 2280 2417
2418 2416 2574
2418 2574 2403
2264 2434 2437
2421 2437 2419
2422 2420 2436
2420 2422 2425
2424 2269 2421
2423 2422 2271
2423 2106 2273
2426 2273 2109
2256 2414 2427
2427 2414 2276
2427 2280 2428
2428 718 2427
2432 2416 2418
2429 2432 2431
2430 2281 2438
2432 2418 2594
2431 2432 2603
2433 2431 2603
2261 2281 2434
2281 2430 2434
2434 2430 2433
2433 2430 2431
2435 2615 2441
2436 2435 2286
2286 2435 2284
2434 2433 2437
2279 2278 723
721 2429 723
2438 2429 2431
723 2429 2438
2442 735 819
2293 2443 2444
2444 2443 2464
2294 2293 2444
2445 2294 2444
655 735 2446
2297 2620 2448
2296 2297 2449
2301 2450 2304
2452 2451 2450
2624 2452 2643
2309 2450 2451
2455 2454 2456
2452 2453 2456
2454 2457 2458
2312 2454 2458
2315 2496 2490
2496 2315 2461
2463 2461 2465
2466 2465 2467
2465 2462 2316
2467 2465 2316
2468 2445 2444
2317 2445 2468
2471 2317 2469
2472 738 667
2472 667 743
2322 2473 2474
2475 2448 2620
2474 2473 2660
2324 2476 2321
2449 2448 2475
2479 2476 2325
2477 2298 2449
2479 2478 2476
2641 2479 2485
2481 2483 2326
2301 2480 2450
2482 2483 2481
2300 2298 2480
2485 2483 2484
2487 2481 2486
2491 2492 2494
2497 2496 2491
2493 2491 2494
2497 2491 2493
2493 2494 2495
2331 2496 2498
2498 2496 2497
2498 2497 2499
2498 2499 2500
2505 2503 2467
2504 2467 2470
2509 2504 2332
2510 2508 2511
2506 2333 2335
2335 2181 2512
2512 2155 2507
2336 849 757
2487 2486 2489
2482 2487 2513
2667 2482 2513
2694 2515 2516
2518 2331 2500
2509 2332 2343
2519 2509 2343
2506 2508 2510
679 766 2521
766 767 2521
2521 767 2522
2527 2523 2524
2350 2525 2689
2353 2352 2691
2529 2531 2548
2358 2357 2531
2357 2358 2356
2356 2530 2379
2358 2694 2532
2358 2513 2694
2355 2381 2361
2361 2516 2341
2361 2532 2694
2700 2697 2553
2518 2700 2533
2720 2519 2362
2534 2520 2535
2535 2520 2536
2538 2539 778
779 2538 778
2522 2523 2540
2348 2370 2526
2369 2370 2368
2348 2526 2525
2540 2527 2541
2690 2541 2527
2526 2541 2690
2368 2543 2369
2373 2543 2368
2542 2544 2373
2542 2543 2560
2375 2545 2377
2379 2547 2375
2547 2545 2375
2381 2549 2551
2361 2381 2532
2551 2379 2530
2553 2697 2552
2555 2554 2572
2572 2554 2362
2385 2535 2556
2557 2558 687
2573 2558 2557
2538 779 786
2537 2538 2723
2564 2561 2563
2376 2545 2392
2567 2395 2568
2567 2582 2395
2568 2382 2552
2745 2570 2569
2397 2570 2745
2556 2571 2396
2572 2397 2555
2559 2398 2573
2573 784 2558
2559 2391 2398
2402 2577 2576
2579 2405 2576
2768 2579 2575
2577 2578 2576
2580 2578 2577
2583 2581 2580
2581 2583 2584
2582 2588 2583
2565 2726 2580
2582 2583 2586
2582 2565 2581
2599 2732 2758
2591 2589 2743
2592 2425 2423
2423 2600 2592
2407 2591 2570
2411 2408 2570
2593 2766 2600
2410 2571 2593
2595 2601 2594
2768 2595 2579
2585 2596 2584
2597 2596 2585
2420 2790 2607
2587 2598 2776
2599 2790 2420
2776 2588 2587
2419 2598 2587
2426 2600 2423
808 2428 2416
808 718 2428
2609 2603 2604
2432 2604 2603
2606 2433 2791
2606 2789 2597
2607 2788 2435
2597 2598 2606
721 808 2429
811 2608 2614
2610 2609 2611
2604 2611 2609
2613 811 2614
2610 2611 2612
2614 2608 2441
2609 2610 2433
2433 2610 2791
2616 2613 2614
2791 2610 2612
2615 2614 2441
2788 2615 2435
2442 819 820
2617 2442 820
2442 2617 2618
2625 2453 2626
2453 2624 2806
2459 2458 2628
2627 2459 2628
2648 2461 2463
2629 2459 2627
2629 2627 2630
2630 2627 2631
2444 2464 2629
2469 2468 2633
2633 2444 2632
2469 2633 2634
2336 852 849
2660 2473 2637
2621 2803 2636
2639 2636 2803
2643 2480 2642
2644 2457 2625
2644 2625 2646
2647 2644 2646
2644 2458 2457
2628 2458 2644
2495 2494 2648
2499 2495 2649
2650 2628 2645
2651 2650 2645
2651 2645 2647
2501 2649 2463
2466 2501 2463
2505 2501 2503
2652 2501 2505
2652 2502 2501
2653 2652 2505
2655 2469 2634
2654 2634 2633
2654 2633 2632
2656 2471 2655
2659 2658 2657
2659 2656 2655
2507 2471 2656
2511 2656 2659
2661 2635 2660
2660 2637 2663
2663 2637 2664
2666 2640 2638
2482 2668 2484
2668 2641 2485
2668 2669 2641
2830 2647 2646
2676 2678 2675
2678 2647 2673
2680 2647 2678
2676 2673 2679
2502 2652 2681
2518 2502 2702
2685 2681 2684
2682 2681 2685
2844 2685 2684
2683 2682 2685
2684 2652 2653
2653 2844 2684
2686 2844 2653
2653 2505 2509
767 851 858
2705 2524 2688
2664 2689 2663
2691 2665 2528
2692 2664 2637
2692 2665 2691
2692 2637 2665
2546 2528 2669
2529 2667 2531
2529 2669 2667
2698 2552 2697
2698 2672 2695
2695 2672 2699
2701 2698 2700
2698 2677 2672
2698 2701 2677
2700 2518 2701
2702 2677 2701
2703 2686 2519
2704 2703 2519
2536 2520 2879
2704 2519 2720
2705 2706 862
856 2706 945
2539 2723 2707
2707 2705 2539
945 2707 2723
2690 2527 2705
2690 2707 2663
2709 2708 2851
2709 2693 2852
2926 2693 2711
2552 2696 2713
2696 2715 2713
2716 2715 2717
2719 2718 2717
2745 2719 2873
2721 2745 2873
2721 2873 2704
2704 2720 2721
2722 2917 2913
2535 2722 2556
2554 2721 2720
2722 2535 2536
2917 2722 2536
2538 786 2723
2723 786 869
2565 2727 2726
2726 2728 2725
2727 2565 2566
2726 2729 2728
2729 2727 2730
2891 2713 2931
2931 2730 2890
2731 2729 2730
2731 2730 2716
2932 2756 2732
2931 2715 2716
2932 2733 2934
2589 2731 2718
2735 2734 2733
2733 2736 2934
2737 2732 2739
2718 2716 2717
2739 2741 2737
2738 2736 2734
2569 2743 2745
2397 2745 2555
2746 2722 2913
2746 2913 2946
2556 2746 2571
2749 2747 2575
2747 2751 2753
2580 2724 2578
2748 2584 2773
2725 2751 2749
2753 2752 2750
2950 2751 2725
2754 2584 2748
2758 2757 2755
2750 2951 2727
2754 2566 2587
2582 2581 2754
2582 2754 2588
2932 2757 2756
2762 2759 2761
2762 2761 2763
2779 2761 2760
2737 2741 2764
2764 2779 2762
2743 2569 2591
2600 2740 2741
2765 2740 2744
2766 2744 2600
2766 2765 2744
2740 2600 2744
2955 2784 2770
2772 2596 2789
2770 2954 2955
2773 2772 2771
2773 2771 2774
2773 2775 2748
2774 2961 2775
2753 2775 2961
2776 2585 2583
2760 2778 2973
2780 2778 2760
2970 2778 2780
2781 2601 2769
2783 2781 2772
2781 2785 2772
2785 2781 2784
2788 2790 2795
2774 2771 2785
2774 2785 2786
2782 2791 2612
2613 814 811
2794 2793 2796
2783 2791 2782
2795 2794 2796
2796 814 2613
2799 2619 920
2799 920 2800
2802 2801 2622
2799 2801 2802
2805 2623 2809
2807 2626 2990
937 852 2635
2808 932 845
2808 1005 932
2639 2805 2809
2823 2639 2809
2623 2643 2809
2642 2809 2643
2810 2809 2642
2650 2631 2627
2994 2813 2812
2815 2813 2994
2817 2634 2654
3007 2817 2654
3007 2654 2816
2662 2818 2635
2818 937 2635
2819 2820 2997
2638 2639 2820
2822 2821 2638
2822 2819 2824
2997 2820 2823
2810 2666 2670
2825 2670 2666
2666 2810 2642
2671 2827 2810
2861 2811 2828
2831 2830 2829
2651 2837 2835
2837 2833 2836
2834 2677 2682
2842 2840 2814
2841 2683 2814
2838 2839 2814
2685 2842 2683
2658 2817 2846
3008 2847 2846
2687 2658 2846
2846 3007 3008
2848 2688 858
858 940 2848
2849 2661 2663
2688 2848 2850
1030 2818 2849
2849 2663 2707
2693 2854 2852
2825 2821 2855
2855 2821 2852
2883 2859 2854
2859 2852 2854
2853 2855 2857
2859 2857 2852
2856 2855 2822
2858 2670 2859
2863 2671 2670
2670 2858 2864
2864 2863 2670
2866 2861 2864
2672 2867 2699
2832 2831 2868
2866 2868 2829
2867 2674 2677
2868 2869 2832
2867 2834 2870
2873 2905 2870
2836 2833 2832
2872 2871 3019
2872 3020 2871
2871 2832 2869
2873 2870 2834
2834 2843 2874
2873 2834 2874
2683 2841 2875
2876 2847 3005
2704 2874 2703
2874 2843 2703
2879 2687 2846
2917 2879 2880
945 2706 2881
2848 940 947
2882 2709 2851
3027 2882 2851
2884 2883 2926
2883 2885 2859
2885 2884 3048
2860 2862 3028
2888 2728 2712
2714 2712 2696
2715 2712 2891
2714 2888 2712
2715 2891 2892
2887 2888 2886
2894 2888 2714
2894 2714 2892
2891 2889 2894
2892 2865 2699
2899 2895 2896
2899 2898 2901
2905 2892 2699
2907 2903 2902
2909 3019 2903
2905 2873 2717
2909 2941 2908
2909 2872 3019
2910 2909 2908
2872 2909 2910
2911 2872 2910
2719 2717 2873
2916 2912 2914
2917 2880 2914
2918 2922 2919
3045 2922 2924
2925 2884 2926
2711 2710 2923
2728 2927 2950
2730 2727 2929
2730 2929 2890
2889 2891 2931
2890 2889 2931
2893 2933 2930
2897 2933 2893
2939 2736 2738
2734 2735 2907
2938 2906 2936
2936 2935 2938
2940 2939 2738
2941 2938 2939
2907 2735 2941
2938 2941 2735
2941 2906 2942
2941 2942 2908
2943 2910 2942
2945 2912 2916
2916 2915 2943
2945 2913 2912
2946 2913 2945
2947 2921 2948
2948 2921 1050
2951 2752 2952
2750 2752 2951
2751 2950 2752
2967 2755 2953
3066 2953 2930
2742 2940 2764
2767 2742 2765
2944 2936 2940
2767 2943 2944
2955 2954 2956
2950 2949 2960
2960 2949 3059
3072 2959 2958
2952 2960 3070
2957 2961 2786
2747 2956 2954
2957 2956 2753
2961 2957 2753
2965 2978 2963
2962 2964 2963
2963 2964 2965
2966 2978 2755
2968 2966 2972
2967 2953 2969
2968 2967 2969
2968 2969 2962
3083 2963 2968
2971 2970 2966
2974 2971 2972
2972 2966 2970
2968 2971 2967
2780 2973 2974
2778 2970 2971
2959 2787 2958
3072 2975 2959
2795 2978 2958
3089 2958 2978
2793 963 2792
2793 2981 963
2980 2977 2981
963 2981 3093
2794 2787 2980
963 1060 893
2797 2804 2983
2983 2804 2987
2798 2797 2982
2982 2797 3098
2984 2982 2985
2799 2800 2986
2800 988 2986
2986 2988 2801
2989 2806 2623
2990 2806 2989
2986 988 2992
2991 2993 2986
3106 2811 2807
3106 2807 3103
2996 2991 2995
3111 2993 2997
2826 3115 2997
3115 3114 2997
2998 2826 2999
3000 2999 2827
3001 2828 3106
2839 2838 3003
3119 2994 2835
2838 2840 2845
3004 2815 2994
3003 2838 2845
3005 2816 2815
3005 2815 3004
3005 3007 2816
2847 3008 3005
3008 3007 3005
2996 2819 2991
3014 2824 3009
3012 2853 2857
3011 3012 2857
3010 3014 3013
3011 3010 3013
3012 3011 3015
3015 3126 3125
2858 3016 3125
2858 3125 3129
3036 2864 3037
3019 2904 2903
3019 2869 2904
2871 2869 3019
3022 2836 3020
3022 3002 2836
2841 3003 3021
2875 2841 3021
3023 3020 2872
2876 3006 3023
1038 3024 1033
3026 3009 2996
2851 3014 3027
3015 3014 3012
3048 3016 2885
3015 3016 3048
3140 3028 2890
3137 2860 3030
3029 2860 3137
2889 3028 2894
3018 2864 3017
3032 3031 3034
2864 3018 3037
3035 3018 3032
3038 3033 3018
3039 3038 3057
3042 3037 3039
2898 2900 3040
3038 2895 2901
3041 3038 2901
3040 3041 2901
3036 3041 2900
2877 2876 2911
3044 2878 2877
3044 2915 2878
2915 3044 2910
3132 2919 3026
3029 3050 3047
3047 3050 3061
2925 3048 2884
2925 3045 3060
3050 3049 3061
2929 3049 3051
2890 2929 3140
3051 3049 3050
3051 3050 3136
3055 3053 3054
3034 3031 3139
3068 3058 3057
3056 3057 3041
3042 3039 3058
3056 3042 3058
3077 3063 2951
3063 3049 2928
3064 3062 3158
3156 3049 3063
3067 3064 2969
3067 3065 3064
3067 3066 3162
2930 3053 3066
3165 3068 3085
3069 3068 3057
3165 3056 3058
3059 1052 1161
3167 3071 3072
3073 3059 1161
3074 2964 3075
3075 3166 3167
2952 3077 2951
2969 2964 2962
3079 2964 3078
2952 3070 3077
3092 3078 3080
3064 3076 2969
3084 3078 3081
2963 3078 2962
3083 3085 3078
3083 3078 3084
3084 3092 3083
3086 3082 3069
3083 2968 3086
3086 3085 3083
3090 2977 3087
3071 3167 1175
3090 2979 2977
3075 3072 2979
3075 2979 3090
3091 3087 2980
3091 3090 3087
3074 3089 3078
3078 2965 3091
3091 3080 3078
3089 3074 3091
3091 3092 3090
3087 2977 2980
3095 1060 963
1062 1060 3095
3095 3093 3096
3093 3174 3094
3096 3093 3094
3100 3098 3099
2988 3101 2983
3349 3099 3101
3100 3102 2985
2989 2985 3102
2990 3102 3103
1125 2992 988
3104 3101 2988
3106 3105 3351
2995 1134 3107
3108 3107 3109
3108 3109 3112
3114 3108 3111
3111 3108 3112
3111 3112 3113
3109 3113 3112
3111 3113 3104
3109 3117 3113
3353 3118 2998
3353 3116 3118
3351 2999 3000
3351 3353 2999
2996 2995 3108
3122 3108 3114
3123 3122 3114
3123 3124 3122
3126 3011 3013
3114 3115 3126
3013 3114 3126
3125 3118 3129
3129 3118 3116
3130 3116 3117
3130 3358 3128
3022 3131 3002
3120 3131 3022
3131 3120 3119
3006 3022 3023
3120 3022 3006
3026 2996 3121
3132 3026 3121
3015 3048 3134
3134 3013 3014
3029 3137 3135
3360 3137 3030
3138 3123 3013
3371 3135 3359
3017 3128 3031
3128 3129 3130
3139 3031 3376
3031 3128 3376
3033 3038 3141
3142 3151 3033
3143 3033 3151
3060 1152 3144
3046 3060 3144
3145 3046 3381
3046 3144 3365
3370 3146 3148
3147 3383 3370
3371 3140 2929
3139 3150 3152
3371 3372 3140
3150 3383 3384
3054 3139 3152
3141 3142 3033
3152 3142 3141
3143 3141 3039
3154 1052 2949
3156 1167 3154
3247 3156 3155
3155 3063 3077
3155 3156 3063
3389 3157 3076
3147 3158 3062
3065 3159 3062
3389 3064 3158
3159 3160 3147
3389 3158 3148
3055 3149 3053
3162 3065 3067
3164 3052 3055
3055 3153 3164
1161 1168 3073
3167 1174 1175
3155 3073 3386
3166 1174 3167
3166 3387 1174
3077 3073 3155
3170 3169 3168
3084 3081 3171
3172 3168 3171
3160 3168 3169
1175 3173 3088
3093 3088 3173
3094 3174 3175
1179 1184 3094
3097 1186 1062
3094 1184 3176
1606 1782 3177
3177 1783 1606
2180 1803 1983
1069 3179 1071
16 3181 2
1080 3184 1069
1077 3178 3182
3182 3178 3184
17 3185 16
3182 3184 3183
1081 3186 1078
3187 3184 1080
3188 1082 1072
3190 1082 3188
3262 3188 1072
3191 3188 3262
3190 3188 1083
3188 1085 1083
3191 1086 3188
1091 1087 1086
1091 1086 3192
17 15 1079
3196 3193 3183
17 18 3185
3195 1081 3193
1111 1081 3195
3196 3183 3189
1111 3199 1081
3200 3189 3187
1111 3264 3200
3191 3262 3201
1110 3186 3199
3203 1108 1111
3187 3202 3200
3200 3202 3205
3200 3205 3203
3204 3192 3191
3204 3191 3201
3205 1092 1114
3206 1126 1128
1116 1093 3207
3207 1093 1091
1123 3209 3210
3211 1079 1109
3201 3212 1109
1126 1127 1128
3208 1120 1021
3213 3208 1130
3213 1130 1131
3209 3208 3213
3210 3213 3267
3215 1134 3214
3215 3214 3216
3218 3220 3267
3220 3218 3221
3221 3218 3217
3219 3221 3217
3223 3354 3216
3224 3229 3225
3227 3217 1136
3227 3219 3217
3237 3276 3228
3275 3219 3228
1141 3228 3227
1145 1146 3230
3230 3229 1147
1150 1147 3224
1147 3229 3224
1150 3224 1138
1138 3224 3276
3226 3224 3234
3229 3234 3225
3229 3231 3235
3232 3238 3226
3231 3244 3233
1141 1151 3237
3237 1140 3236
3243 3240 3246
3238 3276 3237
3239 3238 3237
3239 3226 3238
3283 3237 3236
3236 3232 3233
1155 3230 1148
3244 1155 1156
1158 3244 1156
1155 3244 3245
3285 3244 3246
3230 1155 3245
1164 3242 3247
3246 3248 3243
1177 3249 3290
3250 1180 1177
3250 1177 3290
3251 3250 3290
1178 3252 1179
1182 1176 1183
1181 3253 1182
1176 1182 3254
3250 3251 3292
3255 1184 3252
3253 1181 1185
3258 3256 3293
3258 3257 3256
3176 3255 3257
3256 3257 3255
3298 3297 3261
3261 3260 3299
3261 1188 1064
3261 3297 1188
3185 3181 16
3185 18 3263
3266 3263 18
3264 3196 3189
3264 3189 3200
3201 3262 3265
3211 3265 3266
3265 3263 3266
3269 3220 3271
3214 3268 3269
3219 3270 3221
3222 3272 3273
3270 3272 3220
3274 3216 3269
3275 3270 3219
3277 3276 3226
3275 3273 3270
3276 3279 3275
3277 3279 3276
3223 3278 3281
3278 3222 3273
3232 3234 3235
3226 3234 3232
3283 3239 3237
3246 3240 3285
3236 3233 3283
3279 3277 3239
3283 3285 3284
3286 3284 3285
3288 3287 3289
3288 3286 3287
3249 3291 3290
1176 3254 3308
3307 3290 3306
3307 3292 3290
3293 3292 3307
3295 3313 3259
3296 3259 1187
3296 1188 3297
3314 3296 3297
3299 3298 3261
3310 3298 3299
3293 3310 3299
3301 3294 3302
3289 3304 3288
3289 3397 3304
3308 3309 3291
3306 3291 3322
3309 3308 3321
3311 3307 3322
3322 3291 3309
3307 3311 3310
3318 3294 3301
3312 3313 3295
3313 3294 3318
3314 3295 3296
3325 3310 3311
3325 3314 3298
3301 3300 3315
3317 3326 3303
3318 3301 3315
3318 3315 3327
3319 3302 3295
3320 3315 3303
3308 3313 3321
3309 3334 3322
3309 3321 3334
3318 3327 3324
3295 3329 3319
3311 3322 3325
3332 3322 3323
3320 3328 3316
3335 3328 3326
3335 3326 3329
3333 3335 3329
3323 3322 3330
3333 3327 3335
3324 3337 3331
3345 3333 3329
3333 3345 3338
3332 3329 3325
3345 3329 3332
3335 3327 3328
3336 3323 3330
3339 3337 3324
3338 3339 3324
3331 3337 3340
3346 3345 3332
3332 3336 3341
3345 3339 3338
3340 3337 3344
3345 3344 3339
3342 3340 3347
3342 3347 3343
3336 3342 3343
3348 3343 3347
3346 3344 3345
3336 3343 3348
3349 3100 3099
3102 3100 3350
3104 3352 3349
3353 3351 3352
3351 3350 3352
3113 3352 3104
3353 3352 3116
3215 3107 1134
3354 3364 3356
3358 3109 3110
3357 3110 3356
3127 3360 3359
3368 3361 3378
3378 3362 3363
3354 3223 3364
3368 3363 3362
3124 3123 3138
3133 3121 3124
3365 3133 3124
3366 3361 3368
3367 3365 3124
3368 3362 3366
3367 3369 3393
3030 3372 3360
3138 3367 3124
3375 3376 3377
3375 3377 3395
3379 3378 3241
3368 3378 3379
1153 3378 3363
3145 3381 3382
3365 3367 3393
3382 3381 3393
3370 3138 3146
3373 3370 3375
3150 3376 3375
3375 3383 3150
3153 3384 3385
3153 3151 3384
3247 1167 3156
3157 3388 3387
3248 3387 3388
3380 3287 3248
3388 3396 3380
3388 3389 3161
3382 3161 3145
3148 3145 3161
3160 3385 3147
3390 3385 3160
3164 3385 3390
3160 3170 3390
3163 3390 3170
3164 3390 3163
3391 3369 3364
3364 3281 3391
3391 3281 3282
3377 3374 3394
3397 3282 3304
3397 3289 3396
3396 3382 3392
3 13 2
3 2 3180
6 7 4
6 8 7
14 15 13
13 15 2
15 16 2
20 1216 19
35 20 19
22 24 21
0 21 23
22 21 0
0 26 22
26 0 25
29 19 1216
29 38 19
31 22 26
22 31 30
1215 42 36
42 34 36
37 68 69
47 49 23
25 23 74
38 25 74
38 34 19
35 38 29
47 46 68
51 45 47
30 47 24
45 46 47
49 47 37
50 45 49
50 49 37
26 52 31
52 51 31
52 48 51
56 48 52
39 53 54
57 52 41
55 44 39
59 60 48
56 61 48
60 61 56
74 64 34
76 65 64
36 34 62
46 70 68
69 68 71
73 37 69
72 69 71
50 73 70
70 73 71
76 74 72
76 73 23
76 64 74
80 53 75
77 79 76
40 1258 75
81 65 76
81 67 65
60 82 49
77 49 82
56 77 82
55 53 84
84 80 85
86 107 106
67 1237 66
67 66 65
88 87 106
108 86 87
78 76 79
1258 89 75
90 78 79
92 90 79
92 77 93
83 93 77
1321 84 85
80 75 91
85 80 91
94 96 93
97 114 119
95 119 90
100 102 99
103 105 104
107 103 104
99 106 98
86 108 107
104 99 98
140 105 103
103 107 140
88 106 99
88 99 102
142 110 88
112 136 115
113 115 136
116 119 114
122 117 121
122 118 117
97 123 112
123 149 112
118 124 117
95 97 119
95 123 97
126 123 95
1423 121 127
126 125 123
129 101 131
109 102 100
132 109 100
109 101 102
132 134 101
132 100 134
138 134 100
135 102 101
135 129 207
129 130 1651
137 139 104
137 105 136
109 132 107
140 133 144
133 140 132
138 104 139
137 152 139
142 102 135
142 88 102
144 109 108
144 133 109
144 146 145
144 143 146
146 143 1684
112 149 136
136 149 147
148 147 149
136 147 137
150 116 114
150 113 140
150 151 116
150 144 145
151 150 153
120 116 151
157 156 125
127 124 161
162 161 158
164 163 161
161 163 158
163 159 158
166 157 165
167 162 158
234 167 158
168 241 166
1594 168 166
175 174 4
175 4 5
287 177 178
180 174 175
182 186 187
184 186 182
182 170 188
188 170 171
189 184 188
6 4 174
192 176 177
180 195 174
196 197 181
181 197 331
186 196 185
199 200 189
200 196 186
196 335 197
335 196 200
200 184 189
131 210 201
201 210 202
193 6 191
194 318 192
205 206 204
208 1684 209
202 208 209
350 210 134
211 208 202
139 212 138
215 223 214
206 356 204
214 356 206
214 206 213
217 213 218
215 361 357
219 145 146
217 350 134
146 208 211
222 152 147
221 213 212
225 214 223
225 223 224
222 226 152
226 221 141
227 226 222
226 361 221
227 361 226
1699 155 228
229 155 153
230 1699 220
1724 228 155
228 229 220
231 220 219
231 219 365
230 220 231
231 377 228
231 228 230
228 1724 230
229 377 227
148 232 222
156 160 232
232 160 233
234 159 163
235 234 163
237 247 236
233 155 229
233 237 155
233 247 237
1724 155 238
168 387 241
387 240 241
157 241 160
245 249 391
244 248 247
1594 250 169
253 252 251
402 253 251
259 258 267
259 267 419
262 263 264
267 266 292
297 271 270
297 270 420
272 258 259
271 274 270
270 425 420
270 274 425
275 440 274
278 277 427
279 282 280
283 281 280
282 283 280
283 446 445
282 446 283
280 281 171
172 188 284
286 264 263
285 1622 173
172 286 173
286 172 284
286 261 264
284 451 286
179 290 287
291 289 7
180 289 291
293 294 266
324 292 266
295 297 457
296 293 266
268 296 269
273 299 268
273 268 258
461 275 271
299 273 460
301 273 272
304 300 301
277 276 302
304 277 302
304 302 303
276 306 302
305 307 306
305 306 278
278 306 277
187 309 279
279 309 282
311 309 308
313 312 308
312 313 315
318 288 176
194 177 316
317 287 290
9 291 7
321 180 319
322 323 479
294 345 324
479 325 295
299 293 296
299 490 293
328 303 302
303 328 327
328 302 306
307 328 306
198 333 331
334 332 331
335 200 336
199 336 200
336 199 190
190 338 336
190 1843 338
318 194 340
341 342 8
341 10 342
343 193 195
520 322 318
193 343 341
340 511 318
344 341 343
345 343 195
346 343 345
346 344 343
521 346 345
204 348 347
347 525 333
205 204 330
206 205 335
349 218 337
211 351 350
211 1866 351
1866 353 351
355 341 344
204 356 348
361 363 357
362 373 357
366 1882 350
363 1882 354
369 375 363
354 370 363
225 359 214
376 224 358
539 224 376
373 376 360
379 374 373
361 377 367
377 231 1900
364 377 368
378 368 377
380 384 379
369 371 375
378 380 368
224 381 225
224 539 381
387 388 240
390 388 387
393 388 389
393 244 240
393 240 388
392 394 391
395 243 391
396 397 393
398 248 244
398 383 1739
242 401 390
403 401 250
402 243 395
394 402 395
402 394 254
404 403 250
255 404 250
552 405 399
406 408 407
412 410 407
415 257 411
414 257 415
416 415 557
419 437 579
425 422 420
421 419 423
424 419 421
406 407 256
429 406 256
430 429 260
257 431 411
429 433 406
435 408 406
434 436 433
436 435 433
414 413 262
432 431 261
263 262 417
437 267 292
418 454 457
418 439 456
274 440 425
278 427 443
440 444 426
260 283 445
283 260 431
448 443 449
432 171 431
451 432 261
311 450 446
314 450 311
449 450 436
284 432 451
438 292 453
489 458 271
489 271 298
459 458 598
492 598 458
459 598 580
461 458 459
602 465 461
464 461 465
463 462 300
275 467 440
440 467 444
468 278 443
468 443 471
467 469 444
467 470 469
444 469 441
499 468 471
311 447 309
473 472 592
2006 312 315
312 2006 314
315 472 473
473 452 314
9 476 291
513 317 320
477 513 320
477 320 484
479 320 322
478 319 480
323 322 520
479 483 484
455 481 484
323 325 479
295 483 479
481 455 488
487 298 325
489 487 492
492 487 485
492 485 599
493 490 460
493 491 490
328 494 327
328 329 494
327 494 304
494 300 304
465 498 464
496 463 300
464 498 466
334 500 499
466 497 467
501 470 497
310 332 499
502 500 334
470 504 469
470 505 504
506 313 310
503 471 507
617 508 509
510 337 338
509 508 474
513 340 316
476 342 10
513 515 511
515 514 512
12 517 11
11 516 476
519 515 477
519 514 515
517 516 11
518 519 520
481 477 484
519 477 481
619 534 523
522 323 520
521 524 346
522 520 519
524 523 346
522 519 481
523 611 618
486 524 521
525 334 333
334 525 310
525 527 310
503 500 502
501 505 470
529 310 527
529 506 310
529 624 530
530 503 507
530 528 503
353 531 349
532 349 531
355 533 12
12 533 517
355 534 533
359 527 356
354 349 532
2069 371 532
370 354 532
529 633 624
631 529 537
225 372 535
539 636 545
374 542 539
371 380 375
380 371 368
380 379 375
544 642 541
541 642 543
381 545 372
382 541 379
541 543 374
543 542 374
396 393 389
390 396 389
547 398 397
547 397 548
383 547 551
2126 550 400
2126 552 550
646 549 383
646 2127 549
554 555 548
556 553 404
560 412 409
561 557 415
558 557 562
660 563 415
565 566 561
566 563 660
417 416 567
423 579 569
422 570 439
571 424 421
408 572 559
436 574 435
576 572 435
2157 564 577
564 563 575
437 438 579
578 569 579
601 569 578
581 580 439
459 580 581
584 585 583
582 581 439
587 570 426
589 582 570
441 587 426
588 428 571
434 442 588
441 590 587
591 588 668
592 434 591
594 666 576
595 452 609
596 453 480
596 578 453
596 597 578
580 599 456
597 601 578
613 601 597
603 602 459
605 603 459
600 604 601
601 585 584
601 604 585
465 602 603
582 605 581
604 606 585
607 605 582
592 471 448
609 473 592
504 475 608
610 608 475
592 591 672
452 473 609
611 480 482
618 611 482
611 596 480
524 612 611
612 596 611
486 613 612
613 486 491
493 613 491
613 493 600
463 604 462
615 498 465
496 614 463
614 606 463
615 603 605
615 605 607
498 615 616
619 618 517
621 501 498
505 501 617
622 617 501
622 501 621
2027 508 623
625 623 617
626 623 625
690 627 626
526 688 496
628 526 528
695 628 629
528 537 536
632 631 537
628 528 629
630 695 629
694 622 621
631 633 529
635 530 624
372 638 639
536 540 629
542 637 636
704 639 638
639 704 630
542 543 637
643 640 642
638 636 644
644 636 637
641 715 643
548 645 547
551 547 645
645 647 646
648 645 548
648 649 645
653 727 650
651 653 650
568 562 652
562 653 652
732 655 654
559 657 656
658 659 656
660 560 656
660 656 659
568 558 562
566 653 562
655 662 568
657 663 658
573 663 657
572 576 663
564 665 565
576 667 742
586 669 583
668 588 583
595 667 666
595 756 667
585 669 586
585 681 669
589 670 607
669 671 583
587 673 589
674 670 589
583 671 668
673 590 608
673 674 589
672 609 592
678 673 675
614 681 606
606 681 585
680 685 686
687 776 686
697 620 682
2363 691 685
626 625 697
689 626 692
691 2216 689
692 697 700
693 692 690
693 687 691
697 694 620
632 696 628
700 697 781
702 689 627
635 701 632
702 627 690
702 693 689
634 707 635
692 700 690
703 690 700
704 706 630
695 630 706
706 704 705
707 634 695
708 640 643
638 709 704
644 710 709
709 705 704
716 2278 2256
714 2256 708
716 2256 714
719 716 715
720 719 715
717 720 715
722 721 717
722 724 721
727 725 650
651 650 728
730 729 725
729 731 728
816 733 651
651 728 816
734 732 733
734 733 736
658 737 726
659 725 727
730 738 739
655 732 734
735 655 734
828 739 738
742 667 738
738 743 828
844 756 753
744 745 740
740 745 834
747 744 741
741 744 740
746 748 749
746 837 835
752 741 753
755 754 750
839 753 741
753 756 752
761 671 669
761 744 747
853 760 761
747 668 671
751 741 752
668 747 751
686 764 673
676 751 752
762 763 748
686 673 678
680 766 679
678 757 758
686 678 766
681 768 669
769 761 768
771 670 674
764 771 674
772 770 769
774 771 764
763 765 748
774 773 763
777 773 776
773 777 778
777 779 778
683 780 768
768 780 772
774 775 771
784 783 687
777 776 785
864 785 781
696 789 699
790 699 789
788 782 780
796 790 782
790 791 792
871 795 792
787 698 788
781 783 700
780 782 865
703 700 784
2573 703 784
711 706 705
787 799 789
881 799 797
802 796 701
803 797 799
803 802 801
799 800 802
802 701 707
713 804 711
806 797 803
805 797 806
804 806 803
713 712 809
803 801 804
807 720 717
716 807 717
807 809 720
718 808 807
808 809 807
713 809 804
810 809 812
724 812 721
812 809 808
816 815 896
817 736 733
817 816 899
817 820 736
819 736 820
817 818 820
821 901 822
822 902 823
834 822 823
916 895 827
827 895 828
829 827 828
832 830 821
834 831 822
836 908 905
740 834 824
836 835 837
835 836 905
836 838 908
840 753 839
844 753 840
844 842 743
844 845 842
846 832 831
746 835 848
848 835 833
850 754 755
850 851 754
851 759 754
935 847 853
748 765 855
755 855 850
855 857 850
860 859 853
770 860 853
861 775 763
778 862 765
765 862 856
865 863 860
866 863 865
869 786 868
873 872 871
871 793 873
870 875 874
795 866 782
872 873 950
876 866 795
876 877 883
878 876 883
794 879 870
880 879 798
880 875 870
881 795 791
799 881 791
881 879 794
798 879 881
880 882 875
877 795 872
883 877 872
880 798 797
884 880 797
885 884 805
884 955 880
885 888 887
886 955 884
889 888 806
891 890 888
892 962 890
892 890 891
813 810 812
902 904 894
894 823 902
896 815 731
897 916 898
897 896 731
967 899 897
967 900 899
901 989 902
904 902 971
903 906 905
909 975 907
825 823 911
908 910 909
823 894 911
914 826 912
981 915 912
916 918 898
917 918 916
2617 820 818
900 919 818
919 2800 818
901 921 989
923 921 922
922 901 821
830 923 922
924 925 991
930 840 826
843 917 829
931 917 843
845 932 843
934 923 830
833 906 924
935 934 846
926 933 924
852 937 841
937 929 841
2818 1019 937
859 1011 935
1012 933 936
855 940 857
941 861 938
941 938 939
856 943 855
943 940 855
945 946 856
863 942 1034
867 949 942
946 944 943
950 873 951
952 951 875
952 953 951
866 878 948
876 878 866
953 948 878
882 952 875
954 882 958
882 954 952
957 1057 955
960 959 956
1058 960 890
893 2792 963
893 1065 962
965 904 1087
966 894 904
898 967 897
967 968 969
987 969 968
973 974 1110
975 974 907
907 974 973
909 977 975
978 894 966
976 1089 977
978 912 911
910 979 977
912 978 980
980 978 1096
912 982 913
982 981 913
982 912 980
983 981 982
985 987 918
1106 971 989
1112 990 973
1113 990 1112
991 925 990
924 991 1115
993 977 979
996 976 993
1096 995 980
996 993 997
980 983 982
981 999 915
1000 999 981
1015 1001 999
1003 1002 1098
917 931 985
1003 985 986
1024 1004 1003
1005 1024 986
1009 1010 1129
926 924 1115
926 1115 996
936 926 996
994 1011 1013
1012 936 1014
1014 936 996
1014 996 997
1013 1015 995
1015 1018 1020
1016 1018 1015
1021 1002 1004
1022 845 1001
1020 1025 1022
1005 2808 1022
1022 1026 1005
1026 1132 1024
859 1028 1011
1011 1028 1016
1023 1029 1014
1018 1025 1020
1018 1031 1025
1025 1031 1027
2818 1023 1019
1032 1023 1030
1027 1026 1025
859 1034 1028
1034 942 1028
1031 1028 942
1035 1039 1036
1036 1037 1031
1032 944 1023
1038 1039 1035
1039 1038 1033
1040 1039 1033
1047 1039 1040
1142 1041 1042
1044 1043 1142
942 949 1035
1046 1047 949
949 1038 1035
1047 1038 949
1046 1154 1049
1048 1154 1046
952 1053 953
953 1053 1046
1051 2920 3132
1152 1051 3132
1161 1052 1160
1054 1048 1053
954 1053 952
1054 958 1057
1054 1053 958
959 1182 956
1182 957 956
1061 893 1060
1062 1061 1060
1189 1064 964
964 962 1065
1065 1066 1189
1068 1071 1070
3178 1068 1070
3180 1072 3
1074 966 965
1101 1075 970
1067 15 14
1078 1069 1068
1077 1078 1068
1076 1079 15
1077 3193 1078
1067 3 1073
1076 1073 3190
1084 1076 3190
1083 1084 3190
1110 1088 3202
1085 972 1083
1110 1107 973
1087 1085 1086
1087 904 972
1089 1088 974
1090 1088 1089
1091 1093 1074
1094 1092 976
1074 1096 966
1097 1096 1093
1098 1099 984
1098 1102 1099
1099 1101 969
1100 1075 1101
1100 1101 1099
1100 1099 1102
1125 1103 1100
1104 1079 1076
1105 1104 1084
1108 1107 3199
1111 1108 3199
971 1106 1083
1110 3199 1107
1112 973 1107
1008 1105 1106
1113 1108 3203
1115 1114 1092
1010 1097 1095
1094 1115 1092
1095 1116 1010
1095 1093 1116
1097 1117 1096
994 1117 1097
995 1118 983
998 981 983
1118 998 983
1000 981 998
1098 1002 1119
1002 1120 1119
1123 1122 1100
1102 1123 1100
1121 1123 1102
1123 1006 1124
1105 1127 1126
1129 3207 1128
1000 998 1015
1004 1024 1132
1133 1130 1021
1133 1131 1130
1027 1132 1026
3214 1134 1006
1131 1133 1135
1135 3218 1131
1139 1137 1027
1137 3217 1135
1031 1037 1027
1140 1037 1138
1151 1139 1140
1037 1139 1027
1144 1042 1145
1041 1146 1145
1144 1148 1146
1043 1143 1144
1043 1149 1143
1149 1150 1143
1138 1037 1150
1149 1148 1147
1160 1153 1164
1152 3132 3133
1167 1153 1160
1167 3241 1153
1154 1148 1049
1161 1160 1164
1165 1157 1162
1171 1157 1159
1166 1167 1160
1054 1055 1169
1056 1172 1171
1171 1172 1163
1056 1173 1172
1173 1055 1170
1159 1169 1171
1173 1174 1163
1165 1174 3387
1176 1057 1183
1055 1054 1177
1175 1180 1178
1178 1179 1175
1173 1180 1174
1059 1181 959
1059 1187 1185
3260 1062 3258
3176 3257 1186
1063 1187 961
1063 1188 1187
1190 1194 1216
1208 1190 1207
1225 1191 1192
28 27 1195
27 1203 1195
1199 1196 1194
1199 1200 1196
27 1193 1202
1205 1203 1202
1 1204 1202
1205 1197 1198
1204 1 1197
1205 1198 1203
1204 1227 1205
33 32 62
1210 1209 32
1209 1210 1206
1213 1209 1206
1207 1216 36
1215 36 1216
1217 1208 1211
1209 1213 1211
1242 1211 1213
1248 1217 1211
1219 1225 1218
1192 1213 1218
1213 1219 1242
1220 1215 1195
41 1215 1220
1221 1222 1248
1199 1217 1248
1204 1224 1227
1229 1220 1228
1227 1229 1228
1220 1229 1226
1273 1229 1230
1233 33 1231
1234 1232 1235
63 33 62
1236 1231 63
1236 1238 1239
1239 1233 1231
1249 1243 1238
1245 1241 1212
1246 1214 1281
1247 67 81
1237 1247 1236
1237 67 1247
1244 1240 1212
1252 1218 1214
1219 1218 1252
1219 1252 1250
1297 1255 1296
81 1221 1247
1257 1258 40
1259 1248 1222
1258 1223 1260
1222 1221 1261
1223 1262 1260
1262 1223 1270
1230 1224 1259
1259 1222 1261
1250 1263 1251
1252 1265 1263
1252 1263 1250
1255 1267 1252
1267 1255 1274
1255 1268 1269
1268 1255 1308
55 1272 1257
1272 1270 1257
84 1272 55
1321 1272 84
1271 1226 1229
1229 1273 1271
1275 1226 1271
1270 1272 1321
1273 1328 1271
1276 1278 1277
1280 1279 1276
1277 1266 1276
1280 1267 1274
1234 1235 1282
1281 1234 1282
1286 1291 1243
1235 1243 1282
1288 1244 1212
1287 1246 1281
1289 1288 1241
1289 1294 1288
1369 1288 1290
1243 1291 1282
1292 1290 1288
1291 1370 1282
1299 1293 1287
1301 1353 1285
1286 1261 1291
1313 1244 1314
1246 1253 1214
1240 1303 1245
1244 1288 1369
1305 1304 1253
1245 1306 1289
1313 1302 1244
1296 1254 1256
1254 1253 1256
1304 1307 1253
1305 1246 1399
1246 1293 1295
1308 1255 1297
1256 1298 1296
1256 1300 1298
78 90 119
89 1323 91
1411 1309 78
1310 78 119
1260 1312 89
1311 1309 1411
1273 1264 1328
1262 1312 1260
1262 1315 1313
1263 1316 1264
1316 1318 1264
1316 1332 1318
1413 1328 1320
1304 1268 1307
1317 1274 1304
1321 85 1322
96 1324 95
1271 1325 1275
1270 1329 1262
1327 1316 1266
1330 1280 1274
1266 1316 1263
1330 1319 1327
1331 1319 1330
1331 1330 1332
1317 1417 1332
1426 1332 1319
1331 1332 1426
1331 1333 1319
94 1324 96
1334 1266 1277
1278 1279 1334
1334 1330 1327
1334 1280 1330
1335 1462 1337
1470 1343 1338
1336 1353 1340
1336 1340 1335
1465 1335 1340
1362 1339 1354
1345 1283 1281
1499 1290 1292
1292 1500 1499
1348 1299 1347
1505 1349 1348
1384 1349 1350
1356 1354 1339
1357 1352 1340
1355 1359 1357
1358 1356 1485
1336 1285 1353
1360 1285 1336
1360 1336 1341
1354 1358 1362
1363 1362 1358
1341 1342 1344
1364 1361 1341
1362 1515 1484
1367 1389 1366
1372 1368 1365
1370 1345 1282
1369 1290 1371
1370 1497 1345
1294 1500 1292
1300 1375 1298
1299 1287 1347
1375 1299 1298
1375 1374 1376
1348 1298 1299
1378 1405 1382
1381 1406 1379
1384 1348 1349
1384 1380 1348
1384 1385 1379
1361 1386 1360
1361 1387 1386
1386 1359 1355
1386 1387 1359
87 1388 108
1388 88 1389
1388 1390 111
1519 1389 110
1367 1391 1389
1393 1411 1394
1410 1396 1412
1372 1393 1394
1396 1314 1244
1369 1396 1244
1306 1302 1395
1412 1396 1373
1374 1399 1295
1400 1397 1373
1404 1401 1402
1401 1404 1300
1404 1374 1300
1300 1374 1375
1420 1403 1398
1404 1398 1374
1401 1297 1378
1403 1401 1378
1406 1407 1382
1411 78 1310
1310 119 116
1310 1392 1408
1408 1392 1390
1391 1408 1390
1411 1310 1555
1315 1395 1313
1318 1413 1320
1415 1329 1576
1418 1417 1305
1418 1416 1417
1430 1416 1402
1420 1404 1416
1430 1420 1418
1421 91 1323
1422 126 95
1423 127 1409
1329 1326 1576
1425 1325 1413
1426 1333 1440
1443 1331 1427
1426 1440 1424
1426 1413 1427
1429 1443 1427
1428 1431 1427
1431 1417 1416
1430 1431 1416
1430 1427 1431
1432 1427 1430
1417 1433 1414
1431 1433 1417
1432 1433 1431
1429 1432 1431
1433 1428 1414
1435 165 126
1435 1436 165
1447 1444 1437
1275 1437 1324
1437 1435 1324
1439 1438 1437
1437 1444 1439
1437 1438 1435
1441 1437 1325
1439 1447 1441
1424 1441 1325
1442 1590 1439
1441 1442 1439
1429 1424 1443
1447 1439 1448
1447 1445 1444
1448 1439 1444
1445 1447 1448
1445 1448 1449
1449 1448 1444
1614 1451 1612
1451 1614 1450
1453 1452 1454
1453 1625 1452
1453 1454 1455
1460 1453 1455
1456 1625 1453
1612 1458 1460
1453 1459 1461
1461 1466 1453
1463 1458 1462
1463 1461 1459
1612 1464 1458
1465 1461 1463
1633 1467 1468
1335 1463 1462
1451 1464 1612
1338 1462 1464
1644 1473 1471
1604 1471 1472
1604 1475 1471
1476 1284 1502
1477 1502 1478
1478 1502 1504
1480 1477 1479
1478 1479 1477
1483 1456 1466
1481 1477 1480
1352 1481 1340
1481 1483 1466
1335 1465 1463
1362 1484 1339
1487 1486 1484
1515 1487 1488
1515 1491 1487
1491 1515 1494
1487 1491 1489
1342 1470 1493
1474 1492 1473
1497 1283 1345
1498 1497 1520
1284 1283 1502
1503 1346 1501
1673 1522 1503
1347 1476 1505
1501 1507 1503
1508 1350 1505
1508 1505 1477
1506 1509 1501
1508 1352 1350
1508 1477 1481
1513 1509 1506
1356 1339 1486
1511 1513 1506
1512 1487 1482
1512 1514 1487
1514 1515 1363
1514 1363 1485
1515 1514 1512
1516 1494 1512
1539 1344 1517
1516 1680 1494
1517 1493 1495
1365 1521 1520
1521 1365 1686
1366 1519 1686
1521 1496 1520
1522 1371 1290
1528 1294 1377
1528 1500 1294
1378 1382 1525
1525 1383 1378
1500 1526 1506
1528 1526 1500
1384 1351 1385
1385 1383 1379
1527 1378 1383
1530 1383 1385
1530 1527 1383
1531 1511 1526
1359 1351 1357
1351 1359 1385
1359 1530 1385
1533 1359 1387
1364 1535 1387
1536 1537 1535
1535 1533 1387
1536 1535 1538
1539 1517 1535
1518 1538 1517
1542 110 142
142 207 1541
1377 1400 1373
1377 1373 1523
1546 1377 1523
1545 1419 1398
1546 1523 1524
1406 1383 1525
1407 1525 1382
1545 1398 1406
1548 1545 1547
1548 1547 1549
1527 1549 1547
1527 1530 1549
1565 1549 1550
1551 1548 1549
1552 1549 1532
1550 1549 1552
1534 1552 1532
1721 1534 1537
1721 1536 1538
122 164 154
143 1699 1698
1409 1569 1557
1553 164 122
1557 1558 1556
1419 1545 1560
1562 1585 1561
1564 1561 1563
1562 1561 1564
1566 1550 1552
1569 1409 127
1554 1573 1571
1573 163 1571
1573 235 163
1568 1569 1570
1575 1573 1554
1576 1421 1412
1574 1577 1568
1574 1578 1577
1434 1429 1428
1580 1428 1433
1580 1434 1428
1587 1584 1434
1585 1581 1586
1581 1434 1582
1584 1587 1586
1584 1582 1560
1587 1563 1561
1436 1435 1438
1574 1568 1588
1589 235 1573
1590 1436 1438
1591 1449 1590
1597 1592 1588
1441 1424 1442
1424 1593 1442
1593 1591 1442
1446 1594 1436
1436 1594 166
1449 1596 1445
1590 1446 1436
1758 1595 1596
1603 1450 1600
1450 1599 1601
1603 1600 1604
1614 1612 1613
1796 1614 1613
1611 1795 1613
1796 1598 1614
1616 1618 1619
1617 1798 1776
1620 1798 1617
1475 1604 1621
1452 1625 1454
1626 1610 1625
1629 1634 1630
1457 1611 1612
1635 1633 1634
1632 1636 1630
1632 1630 1634
1631 1635 1634
1636 1808 1630
1637 1467 1633
1635 1637 1633
1615 1637 1636
1808 1637 1635
1638 1467 1615
1469 1467 1638
1641 1469 1638
1618 1616 1468
1469 1643 1640
1642 1643 1469
1641 1642 1469
1472 1464 1604
1648 1644 1621
1647 1648 1649
1648 1650 1649
1650 1648 1646
1628 1656 1826
1657 1655 1656
1658 1623 1479
1626 1658 1627
1483 1480 1456
1658 1660 1809
1677 1660 1658
1837 1809 1660
1662 1638 1639
1664 1645 1647
1816 1664 1647
1683 1651 1653
1652 201 202
209 1652 202
1844 1653 1652
1652 1666 1844
1654 1668 1844
1683 1653 1668
1668 1653 1844
1669 1667 1847
1850 1669 1847
1855 1670 1496
1671 1670 1657
1674 1524 1673
1478 1504 1675
1510 1679 1673
1679 1659 1676
1681 1680 1697
1682 1681 1697
1818 1665 1664
1683 207 1651
1684 1688 1685
1685 1652 209
1541 207 1683
1703 1541 1683
1687 1703 1668
1667 1686 1668
1528 1529 1531
1511 1531 1691
1691 1692 1516
1692 1691 1693
1697 1692 1695
1540 1665 1696
1665 1879 1696
1698 1684 143
1700 1542 1541
1698 1702 1869
1704 1687 1542
1687 1704 1703
1703 1705 1701
1869 1688 1698
1706 1546 1524
1690 1706 1689
1706 1529 1528
1711 1551 1564
1712 1529 1706
1712 1706 1709
1719 1551 1714
1551 1713 1548
1551 1719 1716
1691 1529 1715
1720 1718 1717
1538 1694 1721
1721 1567 1552
230 1702 1698
230 365 1702
230 1724 365
1553 1723 164
1553 1725 1723
1558 1554 1572
1723 1558 1572
1726 1728 1559
1730 1560 1733
1731 1732 1727
1732 1907 1727
1731 1747 1710
1545 1707 1560
1733 1560 1707
1710 1709 1732
1708 1733 1707
1562 1711 1563
1565 1714 1711
1719 1714 1550
1550 1566 1719
1720 1719 1566
1734 1567 1722
1720 1735 1718
1554 1571 1572
1738 1741 1737
247 1738 1737
1737 239 236
1740 239 1744
1738 1744 1741
1741 1744 1742
1744 1738 1740
1745 1575 1558
1583 1592 1751
1746 1751 1753
1579 1731 1726
1908 1747 1746
1754 1584 1730
1730 1748 1754
249 235 246
248 1739 1740
248 1740 1738
1740 1739 239
1749 246 1743
1578 1574 1592
1593 1752 1591
1593 1754 1752
254 249 1749
1749 402 254
1757 1936 1756
1596 1591 1760
1750 1935 1597
1760 1937 1759
1595 1761 1594
1595 1758 1757
1940 1762 1771
1769 1940 1771
1598 1796 1767
1768 1771 1767
1768 1796 1766
1776 1774 1602
1602 1774 1775
1602 1772 1770
1777 1600 1601
1777 1601 1762
1777 1762 1763
1774 1779 1775
1604 1777 1780
1778 1958 1774
1783 1782 1605
1607 1788 1789
1786 1785 1789
1789 1790 1786
1788 1790 1789
1608 1787 1609
1610 1788 1607
1787 1786 1790
1609 1787 1968
1793 1608 1609
1793 1611 1608
1792 1791 1609
1791 1793 1609
1796 1795 1765
1797 1977 1794
1799 1778 1798
1646 1604 1781
1802 1800 1781
1803 1800 1802
1804 285 265
1804 265 1984
1825 1805 1826
1626 1788 1610
1805 1628 1826
1627 1791 1788
1790 1788 1791
1790 1791 1792
1806 1807 1793
1810 1814 1797
1811 1807 1806
1811 1836 1807
1812 1810 1794
1643 1815 1799
1799 1815 1978
1803 1650 1800
1816 1817 1982
1622 1986 172
190 172 1986
2009 1990 1819
1820 1990 1993
1822 1819 1990
1823 1656 1655
1655 1821 1820
1820 1993 1823
2016 1824 1995
1825 1826 1656
1825 1656 1823
1671 1628 1828
1833 1671 1828
1833 1834 1671
1836 1832 1830
1835 1833 1832
1835 1832 1839
1660 1677 1835
1811 1806 1809
1838 1810 1813
1862 1661 1639
1862 1639 1814
1818 1664 1816
1841 202 339
1842 1841 339
1654 1844 1845
1666 1845 1844
1842 1666 1685
1842 2005 1666
2008 1666 2005
1847 1654 1846
1848 1845 1666
1848 1819 1845
1819 1846 1845
1848 1666 2008
1849 1496 1850
1850 1847 1846
1850 1846 1851
1852 1851 1846
1853 1855 1496
1849 1672 1855
1854 1849 1855
1849 1821 1655
1854 1855 1856
1670 1855 1672
1675 1671 1834
1835 1834 1833
1659 1862 1676
1864 1858 1676
1863 1660 1835
1864 1840 1865
1839 1863 1835
1864 1862 1840
1866 202 1841
1866 211 202
1841 1868 1866
1842 339 210
1688 1869 1685
1869 1870 1842
1842 1872 1868
1872 1870 1869
2063 1875 1690
1859 2063 1678
1695 1693 1891
1876 1877 1695
1682 1697 1877
1878 1696 1879
1878 1879 1881
1876 2046 1877
365 366 1702
365 1883 366
1883 1702 1882
1883 1882 366
1883 364 368
2069 1883 368
1704 1701 1705
1869 1702 1867
1702 2073 1867
1884 2073 1702
1875 1709 1690
1885 1875 2061
1888 1713 1716
1886 1887 1712
1718 1889 1910
1890 1715 1887
1893 1892 1736
1895 1876 1894
1724 1900 365
1898 1900 1724
1899 1901 1897
378 377 1900
1915 1902 1897
1915 1897 1903
1901 1904 1905
1913 1904 1901
1905 1903 1901
1906 1728 1729
2079 2080 1907
1735 1892 1889
1898 1724 238
239 385 238
1898 238 385
1739 1912 386
1912 1739 383
1898 385 378
1913 1899 1902
1924 1914 1925
1919 1918 1913
1921 1919 1920
1908 1746 1921
1921 1746 1753
1931 1755 1748
2101 1748 1733
399 1923 1924
1925 1926 400
1929 1750 1749
1929 1749 1743
1927 1914 1923
1930 1929 1916
1753 1935 1930
1931 1932 1752
1921 1753 1930
1937 1932 1928
255 1757 1756
1927 1923 405
1934 404 1933
1935 1750 1929
1937 1928 1936
2135 1939 1938
1769 1938 1939
1941 1940 1939
1775 1779 1945
1763 1946 1948
1766 1765 1955
1769 1768 1938
1957 2150 1773
1772 1943 1957
1958 1779 1774
1958 1949 1779
1779 1949 1945
1950 1780 1948
1948 1946 1950
1958 1959 1949
1950 1781 1780
1950 2154 1960
1782 1961 1784
3177 1961 1783
1784 3177 1782
1961 1960 1784
1985 1984 2156
1964 1963 2164
1966 1964 2168
2168 1967 1966
1973 1794 1971
1793 2188 1972
1972 1952 1764
1974 1973 1971
1975 1973 1974
1971 1977 1954
1802 1781 1980
1980 1950 1960
1978 2176 1979
1803 1802 1980
1803 1980 1983
1985 1804 1984
1988 1985 2159
1988 2159 1989
1994 2167 1991
1825 1993 1964
1994 1965 2167
1966 1997 1964
1997 1825 1964
1998 1997 1999
1998 1999 2000
1999 1966 1970
2000 1970 2185
2001 2000 2185
2020 2188 1807
1975 1812 1973
1818 1816 1982
2004 1982 2178
1986 1804 1985
2009 2008 1987
2013 2012 2014
2010 1992 2183
1995 1994 2012
2016 1995 2015
1824 2017 1995
2018 2017 1824
1805 1825 2019
1830 1805 2019
2021 1827 1831
1827 2021 2017
2020 2019 2001
1807 1836 2020
1813 2002 2022
1840 1838 2023
2024 1838 2022
2024 2023 1838
2025 1818 2190
2046 2197 2003
510 338 1843
2026 510 1843
2005 2026 1843
2028 2007 2027
2008 2005 1986
2010 2011 2007
2007 2014 2010
2030 2014 2029
2032 1822 1821
1852 2033 2032
2030 2013 2014
2035 2016 2013
2013 2037 2035
2035 2038 2036
2038 1829 2018
2038 2018 2036
2038 2037 2226
1829 2040 1831
2039 1857 1829
2041 2021 1831
2041 2042 2021
2209 2042 2041
1858 2045 1861
2023 2024 1865
2046 2003 1682
1868 531 1866
1868 1871 2047
1871 2048 2047
2219 2050 2051
2049 2051 2050
2049 2052 2051
2051 2052 2031
2049 2055 2054
2054 2056 2052
2057 1874 1854
2058 2057 1856
2059 2058 1856
1874 2059 1856
2059 2060 2058
2034 2037 2013
2061 2062 2060
2063 2061 1875
2063 2229 2062
2064 2063 2044
2234 2064 2045
1895 1880 1876
2068 1896 1881
2070 2069 532
2070 532 538
2071 2070 538
2086 2073 1884
2050 2048 2073
2074 2049 2050
2092 2074 2086
2075 2094 2072
1905 2076 1903
1873 2057 2058
2079 2078 2058
2062 2079 2060
2054 2055 2077
2097 2096 2079
2054 2077 2056
2097 2079 2082
1885 2061 2078
2062 2229 2081
2230 2229 2065
1891 1693 1890
1891 1890 2251
1892 2112 1911
1880 1895 2085
2085 1895 2251
2112 2068 2066
2087 2086 1884
2088 2113 2093
2092 2086 2087
2088 2092 2072
2093 2095 2094
2095 2090 2088
2098 2099 2116
2083 2100 2097
1909 1908 1922
2120 2083 2103
1922 2120 2103
2083 2082 2247
2265 1922 2103
2084 1909 1922
2101 2104 2102
2106 1888 1910
1888 2106 2104
2105 1887 2084
2106 1910 2107
2110 2109 1911
2112 2111 1911
2111 2110 1911
546 386 2113
386 549 2113
2091 1926 1915
2114 2093 2113
2114 2095 2093
1920 2115 2100
2097 2115 2096
2115 2097 2100
2120 1920 2100
2120 1921 1920
2121 2122 2117
2120 1922 1921
1931 1748 2102
1931 2125 2133
1748 2101 2102
2125 1931 2102
1926 2126 400
2115 2126 1926
2127 2130 2114
1934 2130 2127
2131 2098 2114
1920 2129 2115
1932 2131 1928
2132 2131 1932
1931 2132 1932
2128 405 552
1934 2127 556
1938 2134 2135
1941 2135 2136
2136 2135 2134
2151 2136 2134
1943 1947 1957
1957 2138 2150
2137 1941 2136
2141 2138 1957
2139 1947 1945
2140 1944 2137
1949 2139 1945
2294 2143 2142
2144 567 662
2299 2163 2162
1953 1974 1971
2311 1974 1953
2147 1955 1951
2146 2147 1951
1956 2134 1938
1956 1766 2147
2151 2134 1956
2152 2153 2316
1981 1962 2154
2156 567 2144
664 2319 2157
2159 1985 2144
2162 2163 2158
1991 2324 2161
2164 1989 2163
2170 2169 2167
1967 2145 2173
2173 2145 2303
1976 1952 1972
2311 1975 1974
2176 2152 1959
2177 2332 2176
2332 2153 2176
2175 1980 1981
1817 2180 2178
2179 1983 2175
2182 2011 2161
1965 2170 2167
2184 2337 2170
2170 2337 2169
2001 2185 2020
2002 1812 1975
2186 2002 1975
2186 2187 2184
2187 2337 2184
2194 2187 2338
2189 2177 1978
2334 2004 2178
2344 2004 2334
2021 2192 2191
2192 2193 2191
2193 2192 2208
2194 2186 2184
2193 2341 2194
2024 2002 2195
2196 2024 2195
2003 2197 2189
2028 2215 2199
2198 2007 2199
2198 2199 2367
2367 2030 2198
2034 2030 2203
2203 2030 2201
2202 2351 2203
2201 2202 2203
2226 2374 2205
2043 2038 2207
2207 2038 2205
2021 2042 2192
2209 2041 2043
2043 2207 2192
2042 2209 2043
2045 2024 2211
2211 2234 2045
2383 2212 2196
2212 2210 2211
2197 2046 1880
2213 2025 2190
2197 1880 2214
2215 2027 2216
2217 2215 2216
2215 2217 2221
2053 2220 2048
2225 2222 2220
2053 2223 2225
2225 2220 2053
2222 2225 2224
2227 2228 2401
2232 2231 2233
2065 2064 2234
2234 2211 2233
1880 2067 2214
2235 2068 2213
2236 538 531
2071 538 2236
2236 2220 2072
2237 2240 2253
2077 2075 2220
2401 2238 2227
2259 2081 2240
2247 2082 2245
2248 2245 2081
2246 2244 2228
2247 2230 2231
2103 2247 2250
2245 2232 2230
2248 2231 2245
2232 2246 2229
2247 2231 2250
2248 2250 2231
2112 2110 2111
2411 2085 2408
2088 641 2089
2254 2237 2253
2256 2254 2255
2257 2252 2239
2258 2240 2237
2258 2237 2252
2258 2259 2240
2258 2261 2259
2099 2262 2116
2262 2260 2116
2266 2263 2122
2266 2267 2265
2124 2267 2266
2265 2263 2266
2105 2265 2269
2104 2125 2102
2269 2265 2267
2104 2289 2125
2263 2103 2249
2270 2250 2248
2269 2267 2268
2272 2105 2269
2107 2273 2106
1910 2273 2107
2424 2108 2272
641 2088 2090
2275 641 2274
2275 715 641
2276 2237 2254
2277 2276 2278
2278 2254 2256
2114 2090 2095
2277 2279 2280
2415 2280 2257
2090 2114 2116
2283 2090 2116
2283 2274 2090
2258 2279 2281
2274 2283 2440
2281 2261 2258
2283 2284 2440
2099 2282 2285
2290 2260 2285
2290 2286 2260
2286 2284 2260
2283 2260 2284
2117 2122 2119
2133 2290 2132
2434 2259 2261
2124 2266 2122
2124 2121 2123
2288 2436 2286
722 715 2275
2274 2439 2275
2131 2282 2098
2131 2290 2282
2294 2140 2137
2294 2142 2140
2295 2144 662
2295 662 655
2297 2320 2295
2297 2296 2320
2449 2162 2296
2300 2299 2162
2301 2299 2300
2305 2304 2450
2306 2305 2309
2308 2307 2310
2312 2146 2454
1953 2490 2311
1953 2149 2490
2148 2315 2490
2315 2148 2150
2316 2462 2139
2317 2294 2445
2157 2318 564
2319 2318 2157
2319 665 2318
2160 2144 2295
2320 2160 2295
2296 2162 2158
2165 2323 2324
2325 2323 2326
2325 2476 2323
2302 2303 2299
2169 2327 2326
2327 2329 2481
2174 2172 2328
2330 1975 2311
2310 2328 2308
2153 2332 2470
2181 2175 2155
2335 2180 2181
2334 2335 2333
2182 2336 610
2336 677 610
2336 757 677
2336 2182 2161
2337 2339 2488
2338 1975 2330
2340 2339 2337
2331 2342 2330
2177 2343 2332
2344 2333 2506
2349 2346 2350
2351 2349 2352
2355 2193 2208
2357 2378 2531
2341 2340 2194
2361 2341 2355
2342 2195 2338
2359 2196 2195
2359 2383 2196
2359 2342 2360
2344 2190 2004
2362 2343 2177
2365 2363 2364
2365 2364 2345
2364 679 2345
2364 680 679
680 2364 685
2202 2349 2351
2347 2202 2348
2202 2368 2348
2371 2351 2353
2372 2369 2542
2204 2203 2371
2376 2380 2375
2374 2371 2354
2380 2379 2375
2380 2381 2379
2381 2356 2379
2355 2356 2381
2384 2360 2550
2213 2190 2385
2213 2385 2235
2386 691 2363
2218 2386 2365
693 2387 2557
2217 2386 2218
2221 2217 2388
2389 2218 2221
2388 2391 2390
2387 2391 2389
2232 2233 2393
2232 2393 2394
2396 2066 2235
2067 2397 2214
2067 2411 2397
2572 2214 2397
2385 2396 2235
702 2398 2387
2399 2242 2241
2399 2243 2242
2401 2399 2241
2401 2400 2399
2401 2402 2400
2403 2402 2405
2228 2244 2577
2244 2404 2577
2406 2246 2394
2407 2424 2591
2407 2408 2108
2110 2410 2426
2396 2409 2066
2571 2410 2396
2412 2239 2252
2252 2414 2413
2413 2414 2255
2412 2413 2255
2400 2417 2243
2415 2257 2243
2594 2418 2403
2248 2264 2268
2437 2268 2264
2288 2289 2422
2421 2269 2268
2437 2421 2268
2289 2271 2422
2423 2425 2422
2272 2269 2424
2426 2423 2273
2110 2426 2109
2414 2256 2255
2280 2427 2276
2427 718 2256
2428 2417 2416
2432 2429 2416
2438 2431 2430
2435 2441 2284
2288 2422 2436
2420 2607 2436
2278 721 723
2439 724 2275
2608 724 2439
2438 2281 2279
2438 2279 723
2441 2608 2439
2440 2284 2441
2440 2441 2439
2443 2460 2464
2295 655 2446
735 2447 2446
2447 735 2442
2297 2295 2620
2620 2295 2446
2620 2446 2447
2448 2449 2297
2624 2453 2452
2454 2307 2309
2456 2309 2451
2454 2309 2456
2452 2456 2451
2455 2456 2453
2457 2454 2455
2625 2457 2455
2314 2312 2459
2459 2312 2458
2313 2312 2314
2460 2314 2459
2496 2461 2492
2315 2462 2461
2465 2461 2462
2459 2464 2460
2466 2463 2465
2470 2467 2316
2469 2317 2468
2472 743 738
844 743 667
2474 852 2336
2473 2322 2321
2321 2476 2473
2477 2449 2475
2476 2478 2473
2325 2485 2479
2480 2298 2477
2326 2483 2325
2301 2300 2480
2484 2483 2482
2483 2485 2325
2450 2480 2643
2487 2482 2481
2452 2450 2643
2329 2486 2481
2327 2488 2329
2488 2486 2329
2489 2486 2488
2488 2514 2489
2496 2330 2490
2331 2330 2496
2496 2492 2491
2493 2499 2497
2648 2492 2461
2517 2498 2500
2502 2500 2499
2502 2499 2501
2466 2503 2501
2467 2503 2466
2467 2504 2505
2332 2504 2470
2509 2505 2504
2506 2512 2508
2155 2317 2471
2507 2155 2471
2512 2511 2508
2512 2181 2155
2335 2512 2506
2511 2512 2507
2513 2487 2489
2514 2513 2489
2694 2514 2515
2694 2513 2514
2339 2515 2488
2515 2514 2488
2516 2515 2339
2517 2331 2498
2517 2500 2331
2502 2518 2500
2519 2686 2509
2520 2344 2506
2345 2521 2522
2522 767 2523
2523 767 2524
2524 767 858
2350 2346 2525
2352 2349 2350
2526 2690 2525
2691 2528 2353
2352 2350 2664
2664 2350 2689
2354 2353 2528
2356 2358 2530
2378 2548 2531
2358 2532 2530
2513 2358 2531
2341 2516 2339
2361 2694 2516
2342 2550 2360
2342 2331 2533
2342 2533 2550
2550 2533 2700
2553 2550 2700
2331 2518 2533
2362 2519 2343
2520 2534 2344
2537 2539 2538
2370 2369 2541
2541 2526 2370
2527 2540 2523
2372 2542 2373
2373 2544 2543
2542 2369 2543
2560 2543 2544
2542 2564 2544
2544 2562 2560
2374 2354 2546
2545 2376 2377
2548 2374 2546
2528 2546 2354
2381 2380 2392
2378 2374 2548
2379 2549 2547
2547 2381 2392
2547 2392 2545
2548 2546 2529
2384 2550 2382
2551 2549 2379
2381 2547 2549
2381 2551 2530
2532 2381 2530
2552 2382 2550
2550 2553 2552
2555 2721 2554
2554 2720 2362
2535 2385 2534
2557 687 693
2388 2389 2391
2391 2557 2390
2559 2557 2391
2559 2573 2557
2560 2562 2561
2563 2561 2562
2560 2564 2542
2561 2564 2560
2568 2565 2567
2568 2566 2565
2395 2582 2406
2568 2395 2382
2397 2411 2570
2398 703 2573
2575 2579 2576
2578 2575 2576
2405 2402 2576
2406 2580 2577
2583 2585 2584
2588 2776 2583
2406 2582 2586
2406 2586 2580
2586 2583 2580
2582 2567 2565
2581 2565 2580
2589 2587 2731
2731 2587 2566
2599 2590 2732
2591 2424 2421
2591 2421 2589
2590 2599 2425
2425 2592 2590
2593 2600 2426
2570 2591 2569
2570 2408 2407
2410 2593 2426
2571 2766 2593
2416 2417 2574
2574 2417 2400
2601 2432 2594
2594 2403 2405
2405 2579 2594
2579 2595 2594
2776 2598 2597
2599 2777 2790
2421 2419 2587
2421 2587 2589
2425 2599 2420
2611 2601 2602
2611 2604 2601
2601 2605 2602
2432 2601 2604
2783 2606 2791
2606 2419 2437
2606 2437 2433
2598 2419 2606
2790 2788 2607
2607 2435 2436
2429 808 2416
2602 2612 2611
2433 2603 2609
2614 2615 2616
2788 2616 2615
2618 2447 2442
2618 2617 2619
2620 2447 2618
2618 2621 2620
2621 2618 2622
2621 2622 2803
2643 2623 2624
2625 2455 2453
2629 2464 2459
2444 2629 2632
2629 2630 2632
2633 2468 2444
2635 852 2474
2621 2475 2620
2475 2621 2636
2637 2473 2478
2475 2640 2477
2638 2640 2475
2638 2475 2636
2641 2478 2479
2642 2480 2477
2478 2641 2637
2642 2477 2640
2644 2647 2645
2646 2625 2626
2645 2628 2644
2494 2492 2648
2499 2493 2495
2649 2495 2648
2650 2627 2628
2680 2651 2647
2501 2499 2649
2463 2649 2648
2630 2654 2632
2655 2471 2469
2659 2655 2658
2511 2507 2656
2511 2659 2510
2659 2657 2510
2635 2474 2660
2661 2662 2635
2663 2661 2660
2638 2636 2639
2665 2637 2641
2666 2642 2640
2667 2668 2482
2484 2668 2485
2665 2641 2669
2673 2647 2830
2675 2678 2673
2676 2675 2673
2672 2677 2674
2676 2680 2678
2702 2682 2677
2679 2680 2676
2679 2651 2680
2682 2502 2681
2702 2502 2682
2684 2681 2652
2686 2653 2509
2687 2657 2658
2687 2520 2506
2506 2510 2657
2687 2506 2657
767 759 851
2705 2527 2524
2688 2524 858
2525 2690 2689
2690 2663 2689
2691 2352 2664
2528 2665 2669
2692 2691 2664
2529 2546 2669
2669 2668 2667
2531 2667 2513
2696 2552 2695
2552 2698 2695
2700 2698 2697
2702 2701 2518
2879 2520 2687
2917 2536 2879
778 2539 862
862 2706 856
2537 2723 2539
2539 2705 862
2707 2690 2705
2706 2705 2688
2706 2688 2707
2881 2706 2707
2710 2709 2882
2711 2709 2710
2564 2562 2544
2564 2563 2562
2708 2709 2852
2711 2693 2709
2713 2891 2712
2713 2729 2552
2556 2722 2746
2724 2725 2749
2580 2726 2724
2726 2725 2724
2728 2887 2927
2727 2729 2726
2729 2713 2728
2728 2713 2712
2729 2568 2552
2731 2566 2568
2729 2731 2568
2931 2716 2730
2715 2931 2713
2732 2733 2932
2735 2733 2732
2732 2738 2735
2733 2734 2736
2589 2718 2743
2716 2718 2731
2737 2738 2732
2742 2741 2740
2743 2718 2719
2745 2743 2719
2555 2745 2721
2571 2767 2766
2746 2767 2571
2946 2767 2746
2747 2768 2575
2749 2575 2578
2749 2578 2724
2748 2753 2750
2950 2725 2728
2751 2747 2749
2753 2751 2752
2754 2581 2584
2750 2727 2754
2754 2748 2750
2587 2588 2754
2566 2754 2727
2758 2756 2757
2758 2732 2756
2761 2759 2760
2763 2761 2779
2732 2590 2739
2764 2762 2763
2764 2763 2737
2590 2741 2739
2592 2741 2590
2592 2600 2741
2765 2742 2740
2766 2767 2765
2601 2595 2769
2768 2770 2769
2770 2784 2769
2595 2768 2769
2768 2747 2770
2771 2772 2785
2747 2954 2770
2774 2786 2961
2773 2596 2772
2789 2596 2597
2773 2584 2596
2776 2597 2585
2775 2773 2774
2777 2978 2790
2748 2775 2753
2755 2978 2777
2755 2777 2758
2599 2758 2777
2759 2780 2760
2779 2780 2759
2779 2760 2973
2780 2779 2973
2762 2779 2759
2605 2782 2602
2781 2605 2601
2783 2605 2781
2605 2783 2782
2781 2769 2784
2786 2785 2784
2789 2606 2783
2789 2783 2772
2978 2795 2790
2612 2602 2782
2796 2793 2792
2616 2795 2613
2795 2796 2613
2787 2794 2795
2788 2795 2616
814 2796 2792
2619 2802 2618
2802 2619 2799
920 2619 2617
2618 2802 2622
2987 2622 2801
2803 2622 2804
2804 2622 2987
2803 2804 2797
2798 2803 2797
2805 2803 2798
2805 2798 2984
2984 2623 2805
2806 2624 2623
2626 2453 2806
2990 2626 2806
2639 2803 2805
2807 2646 2626
2811 2646 2807
2813 2630 2631
2650 2813 2631
2650 2651 2812
2812 2813 2650
2815 2654 2630
2815 2630 2813
2817 2655 2634
2816 2654 2815
2655 2817 2658
2661 2818 2662
2639 2823 2820
2822 2638 2820
2819 2822 2820
2826 2997 2823
2821 2666 2638
2825 2666 2821
2827 2809 2810
2827 2823 2809
2826 2823 2827
2671 2810 2670
3000 2827 2671
2863 3001 2671
2828 3001 2863
2861 2829 2811
2646 2829 2830
2831 2673 2830
2811 2829 2646
2833 2679 2673
2832 2673 2831
2833 2673 2832
2679 2833 2651
2834 2867 2677
2833 2837 2651
2651 2835 2812
2683 2834 2682
2814 2683 2842
2840 2838 2814
2841 2814 2839
2685 2844 2842
2843 2875 2844
2844 2840 2842
2875 2845 2844
2844 2845 2840
3007 2846 2817
2849 2707 2688
2849 2818 2661
2850 2849 2688
2850 1030 2849
2850 1032 1030
2851 2852 2821
2851 2821 2853
2853 2821 2822
2852 2851 2708
2857 2855 2852
2856 2825 2855
2855 2853 2822
2857 2859 2856
2670 2825 2856
2859 2670 2856
2862 2860 2886
2863 2864 2861
2865 2714 2696
2865 2696 2695
2699 2865 2695
2866 2829 2861
2863 2861 2828
2672 2674 2867
2829 2868 2831
2866 3036 2868
2869 2868 3036
2870 2699 2867
2871 2836 2832
2843 2683 2875
2843 2834 2683
2877 2847 2876
2703 2844 2686
2703 2843 2844
2873 2874 2704
2878 2880 2847
2847 2877 2878
2847 2879 2846
2880 2879 2847
2848 947 1032
2881 2707 945
2850 2848 1032
3014 2851 2853
2693 2883 2854
2926 2883 2693
2883 2884 2885
2885 3016 2859
2728 2888 2887
2887 3029 2927
2887 2886 2860
2715 2696 2712
2886 2888 2862
2891 2894 2892
2894 2862 2888
2894 3028 2862
2897 2896 2895
2892 2714 2865
2902 2899 2934
2899 2901 2895
2905 2715 2892
2902 2903 2898
2899 2902 2898
2898 2903 2900
2903 3043 2900
3043 2903 2904
2717 2715 2905
2905 2699 2870
2907 2909 2903
2941 2909 2907
2942 2910 2908
2913 2914 2912
2916 2878 2915
2880 2916 2914
2916 2880 2878
2913 2917 2914
945 2723 869
2919 2920 2918
2922 2918 2921
2921 2924 2922
2923 2710 2882
2711 2923 2926
2923 2925 2926
2925 2882 3027
2923 2882 2925
2950 2927 3047
3029 3047 2927
2929 2727 2928
2930 2932 2893
2896 2897 2893
2934 2893 2932
2899 2893 2934
2899 2896 2893
2736 2902 2934
2935 2902 2736
2939 2935 2736
2935 2907 2902
2937 2738 2734
2738 2937 2735
2906 2907 2935
2938 2907 2906
2938 2734 2907
2939 2938 2935
2938 2937 2734
2936 2906 2941
2941 2939 2936
2937 2938 2735
2935 2942 2906
2942 2935 2936
2939 2940 2936
2943 2942 2936
2944 2943 2936
2943 2946 2945
2916 2943 2945
2943 2915 2910
1050 2921 2918
1050 2918 2920
2948 2924 2947
2948 3045 2924
2753 2956 2747
2947 2924 2921
2952 2752 2950
2950 3047 2949
3061 2949 3047
2928 2727 2951
2932 2930 2757
2930 2755 2757
2930 2953 2755
2763 2738 2737
2940 2738 2763
2779 2940 2763
2764 2940 2779
2742 2764 2741
2767 2940 2742
2944 2940 2767
2767 2946 2943
2957 2955 2956
2952 2950 2960
2979 3072 2958
2965 3089 2978
2967 2966 2755
2966 2963 2978
2968 2963 2966
2974 2972 2970
2971 2966 2967
2968 2972 2971
2780 2974 2970
2974 2973 2778
2974 2778 2971
2957 2784 2955
2786 2784 2957
2787 2795 2958
2787 2959 2975
3072 2977 2975
2958 3089 2979
2980 2975 2979
2794 2981 2793
2794 2980 2981
2981 2977 2976
2980 2787 2975
3099 2797 2983
2984 2798 2982
2799 2986 2801
2988 2987 2801
2988 2983 2987
2989 2623 2984
2989 2984 2985
3103 2807 2990
2992 2991 2986
2992 1124 2991
2992 1125 1124
2993 2988 2986
2994 2812 2835
2995 2991 1124
1006 2995 1124
2819 2997 2991
2997 2993 2991
2997 3114 3111
2827 2999 2826
3118 3115 2826
2998 3118 2826
3001 3000 2671
2828 2811 3106
2837 3002 2835
2836 3002 2837
3002 3119 2835
3119 3004 2994
3004 3006 3005
2996 2824 2819
2996 3009 2824
3012 3014 2853
3010 2822 2824
3011 2856 3010
3010 2824 3014
3016 3015 3125
3010 2856 2822
2858 2859 3016
2856 3011 2857
3017 2864 2858
3129 3017 2858
2866 2864 3036
2904 2869 3036
2871 3020 2836
2841 2839 3003
3023 3022 3020
2875 3021 2845
2876 3023 2872
2845 3021 3003
2876 3005 3006
3025 3024 1038
3024 1040 1033
3025 1040 3024
1040 3025 1047
3027 3009 2919
3009 3026 2919
3014 3009 3027
3134 3014 3015
3029 2887 2860
3028 3030 2860
3028 3140 3030
2890 3028 2889
3032 3018 3017
3031 3032 3017
3035 2897 2895
3038 3035 2895
3034 3035 3032
3035 3038 3018
3057 3038 3041
3033 3037 3018
2901 2898 3040
3043 3036 2900
3040 2900 3041
3036 3042 3041
3042 3036 3037
3036 3043 2904
2911 2876 2872
2910 3044 2911
3044 2877 2911
2919 3132 2920
2919 2922 3027
3046 3146 3060
3061 3156 3154
2922 2925 3027
2925 2922 3045
2925 3146 3048
3146 2925 3060
3049 3156 3061
2929 2928 3049
3051 3371 2929
3034 3054 2933
3054 3053 2933
2930 2933 3053
3054 3034 3139
2897 3034 2933
3034 2897 3035
3056 3041 3042
3058 3039 3057
2949 1052 3059
1152 1050 1051
3060 2948 1152
1050 1152 2948
2948 3060 3045
3061 3154 2949
2951 3063 2928
2953 3067 2969
3066 3067 2953
3053 3052 3066
3062 3064 3065
3066 3052 3162
3069 3082 3068
3068 3082 3085
3069 3165 3086
3056 3069 3057
3165 3069 3056
3070 2960 3059
3073 3070 3059
3075 3167 3072
3077 3070 3073
3076 3075 2964
2965 2964 3079
2965 3078 3089
2963 3079 3078
3078 2964 3074
2964 2969 3076
3081 3078 3092
3082 2968 2962
3083 3079 2963
3082 2962 3085
2962 3078 3085
3083 3091 3079
3091 3083 3092
3086 2968 3082
3086 3165 3085
3071 2976 2977
3071 2977 3072
2979 2975 2977
2980 2979 3089
3091 2980 3089
3090 3074 3075
3079 3091 2965
3091 3074 3080
3092 3080 3074
3074 3090 3092
3093 2981 2976
3088 2976 3071
3093 2976 3088
3095 963 3093
3095 3096 1062
3097 1062 3096
3098 2797 3099
2985 2982 3098
2985 3098 3100
3101 3099 2983
2990 2989 3102
3350 3105 3102
2993 3104 2988
3105 3103 3102
3105 3106 3103
3107 3108 2995
3109 3107 3110
2993 3111 3104
3117 3116 3113
2999 3353 2998
3001 3351 3000
3351 3001 3106
3120 3004 3119
2996 3108 3121
3121 3108 3122
3354 3110 3107
3122 3124 3121
3126 3115 3125
3126 3015 3011
3013 3123 3114
3125 3115 3118
3129 3116 3130
3002 3131 3119
3006 3004 3120
3134 3138 3013
3137 3127 3135
3146 3138 3134
3127 3137 3360
3135 3127 3359
3371 3136 3135
3140 3372 3030
3128 3017 3129
3143 3037 3033
3039 3037 3143
3133 3132 3121
3144 1152 3133
3145 3146 3046
3146 3134 3048
3050 3029 3135
3136 3050 3135
3051 3136 3371
3148 3146 3145
3147 3370 3148
3053 3149 3052
3055 3052 3149
3150 3139 3376
3142 3150 3151
3147 3384 3383
3055 3054 3152
3152 3150 3142
3153 3055 3152
3141 3153 3152
3153 3141 3143
3038 3039 3141
1052 3154 1166
1166 3154 1167
3386 1168 3247
3147 3148 3158
3062 3159 3147
3065 3081 3159
3081 3065 3162
3161 3389 3148
3162 3052 3164
3163 3162 3164
3165 3058 3068
3386 3073 1168
3076 3166 3075
3157 3166 3076
3084 3171 3092
3064 3389 3076
3081 3092 3159
3171 3159 3092
3171 3160 3159
3171 3168 3160
3172 3171 3163
3163 3081 3162
3163 3171 3081
3088 3071 1175
3173 1175 1179
3172 3170 3168
3093 3173 3174
3175 3174 3173
1179 3175 3173
3094 3175 1179
3097 3096 3094
3176 3097 3094
1186 3097 3176
2180 1817 1803
1071 3179 1070
3178 1070 3179
3184 3179 1069
3180 2 3181
3181 1072 3180
1077 1068 3178
3193 1077 3183
3184 3178 3179
3183 1077 3182
1078 3186 1080
1082 1073 1072
3186 3187 1080
3187 3189 3184
3183 3184 3189
3188 1086 1085
3192 1086 3191
15 17 16
3194 17 1079
3196 3195 3193
3197 3195 3196
3196 3198 3197
3264 3195 3197
1105 1109 1104
1079 1104 1109
1111 3195 3264
1081 3199 3186
3202 3187 3186
1110 3202 3186
3200 3203 1111
3206 3204 1126
3205 3202 1088
3206 3192 3204
1090 3205 1088
1092 3205 1090
1114 3203 3205
3206 1128 3207
3192 3207 1091
3206 3207 3192
1121 1120 3209
3208 3209 1120
1123 1121 3209
1079 3266 3194
1079 3211 3266
3212 3211 1109
3211 3212 3265
1126 3201 1109
3201 1126 3204
3210 3209 3213
3214 1006 3210
1131 3218 3213
3218 3267 3213
3228 3219 3227
3238 1138 3276
3276 3275 3228
3237 3228 1141
1147 1145 3230
1148 3230 1146
3230 3231 3229
3236 3238 3232
3230 3244 3231
3224 3225 3234
3226 3276 3224
3229 3235 3234
3236 1140 1138
3236 1138 3238
3237 1151 1140
3242 1164 1153
3242 3241 1167
3246 3244 1157
3230 3245 3244
3285 3283 3244
3283 3233 3244
1165 3246 1157
1167 3247 3242
1165 3248 3246
3387 3248 1165
3243 3248 3287
3250 3252 1180
3254 1182 3253
3256 3250 3292
1179 3252 1184
3176 1184 3255
3255 3252 3250
3256 3255 3250
3293 3256 3292
3258 1186 3257
1187 3259 1185
1188 3296 1187
3258 3293 3260
3260 3293 3299
3181 3262 1072
3263 3262 3181
3264 3197 3198
3264 3198 3196
3185 3263 3181
3263 3265 3262
3265 3212 3201
3210 3267 3268
3268 3214 3210
3267 3220 3268
3220 3269 3268
3270 3220 3221
3272 3271 3220
3273 3272 3270
3269 3216 3214
3223 3216 3274
3223 3274 3222
3274 3272 3222
3271 3272 3274
3274 3269 3271
3275 3279 3273
3273 3279 3278
3279 3280 3278
3278 3223 3222
3282 3281 3278
3280 3282 3278
3233 3232 3235
3233 3235 3231
3277 3226 3239
3285 3240 3286
3283 3284 3239
3279 3239 3284
3243 3287 3240
3287 3286 3240
3380 3289 3287
3291 3249 1176
3291 1176 3308
3306 3290 3291
3292 3251 3290
3259 3253 1185
3308 3254 3253
3293 3307 3310
3259 3313 3253
3312 3302 3294
3296 3295 3259
3298 3314 3297
3317 3303 3301
3303 3300 3301
3317 3301 3302
3279 3304 3280
3305 3282 3280
3304 3279 3284
3286 3304 3284
3305 3304 3282
3288 3304 3286
3304 3305 3280
3308 3253 3313
3322 3307 3306
3295 3302 3312
3312 3294 3313
3324 3313 3318
3325 3298 3310
3303 3326 3320
3319 3326 3317
3302 3319 3317
3303 3315 3300
3320 3316 3315
3321 3313 3324
3334 3321 3324
3314 3329 3295
3325 3329 3314
3332 3325 3322
3327 3315 3316
3316 3328 3327
3326 3328 3320
3329 3326 3319
3330 3322 3334
3330 3334 3331
3333 3324 3327
3333 3338 3324
3331 3334 3324
3336 3330 3331
3332 3323 3336
3341 3346 3332
3342 3336 3331
3342 3331 3340
3339 3344 3337
3347 3340 3344
3346 3347 3344
3341 3348 3346
3348 3341 3336
3348 3347 3346
3350 3100 3349
3104 3349 3101
3352 3350 3349
3351 3105 3350
3116 3352 3113
3354 3107 3215
3354 3356 3110
3354 3215 3216
3358 3110 3355
3369 3357 3356
3355 3110 3357
3358 3117 3109
3128 3358 3355
3357 3128 3355
3117 3358 3130
3378 3361 3362
3362 3361 3366
3367 3357 3369
3369 3356 3364
3370 3357 3367
3370 3367 3138
3372 3359 3360
3372 3371 3359
3376 3128 3373
3375 3374 3373
3357 3373 3128
3370 3373 3357
3377 3376 3373
3144 3133 3365
3379 3241 3242
1153 3241 3378
3242 1153 3363
3379 3242 3363
3368 3379 3363
3381 3046 3365
3381 3365 3393
3382 3393 3392
3370 3383 3375
3395 3374 3375
3151 3150 3384
3147 3385 3384
3153 3143 3151
3386 3247 3155
3248 3388 3380
3389 3388 3157
3382 3388 3161
3396 3388 3382
3164 3153 3385
3166 3157 3387
3160 3169 3170
3172 3163 3170
3364 3223 3281
3391 3393 3369
3377 3373 3374
3395 3394 3374
3395 3377 3394
3392 3393 3391
3282 3392 3391
3396 3392 3397
3282 3397 3392
3396 3289 3380
